0.000000, 0.000000, 0.000000, 0.000000
-0.009998, -0.010000, 0.010000, 0.010000
-0.019459, -0.019864, 0.019912, 0.019854
-0.028374, -0.029458, 0.029627, 0.029331
-0.036499, -0.038643, 0.039040, 0.038326
-0.043453, -0.047049, 0.047914, 0.046465
-0.048796, -0.054121, 0.055774, 0.053203
-0.053715, -0.061159, 0.063717, 0.059843
-0.057418, -0.067147, 0.070781, 0.065321
-0.058614, -0.070051, 0.074606, 0.067717
-0.058384, -0.071478, 0.076910, 0.068558
-0.056440, -0.070783, 0.077036, 0.067404
-0.053156, -0.068683, 0.075649, 0.064829
-0.049047, -0.065798, 0.073488, 0.061483
-0.044674, -0.062865, 0.071387, 0.058079
-0.040154, -0.060210, 0.069733, 0.054854
-0.035672, -0.057894, 0.068568, 0.051934
-0.031612, -0.056273, 0.068320, 0.049720
-0.027475, -0.054868, 0.068384, 0.047705
-0.023789, -0.054214, 0.069339, 0.046413
-0.019697, -0.053452, 0.070288, 0.045000
-0.015938, -0.053159, 0.071848, 0.044084
-0.012752, -0.053579, 0.074216, 0.043926
-0.009337, -0.054048, 0.076672, 0.043825
-0.006146, -0.054830, 0.079488, 0.044036
-0.002506, -0.055514, 0.082189, 0.044090
0.001934, -0.055915, 0.084564, 0.043752
0.007242, -0.055792, 0.086313, 0.042798
0.013435, -0.055131, 0.087383, 0.041185
0.020191, -0.054175, 0.088068, 0.039193
0.026746, -0.053469, 0.088950, 0.037439
0.033198, -0.052973, 0.090005, 0.035857
0.040200, -0.052208, 0.090671, 0.033906
0.046550, -0.051947, 0.091785, 0.032439
0.052510, -0.052132, 0.093293, 0.031344
0.057715, -0.052810, 0.095183, 0.030648
0.062798, -0.053741, 0.097204, 0.030079
0.067000, -0.055195, 0.099635, 0.029998
0.072137, -0.056244, 0.101423, 0.029269
0.077152, -0.057463, 0.103239, 0.028596
0.081785, -0.059074, 0.105324, 0.028206
0.086191, -0.060778, 0.107379, 0.027869
0.090640, -0.062508, 0.109334, 0.027515
0.094372, -0.064573, 0.111590, 0.027564
0.098082, -0.066558, 0.113718, 0.027617
0.102008, -0.068254, 0.115523, 0.027476
0.105949, -0.069721, 0.117152, 0.027288
0.111061, -0.070355, 0.117928, 0.026359
0.116976, -0.070288, 0.117991, 0.024827
0.123273, -0.069793, 0.117661, 0.022984
0.130232, -0.068755, 0.116749, 0.020630
0.136944, -0.067636, 0.115726, 0.018219
0.143584, -0.066361, 0.114535, 0.015713
0.149617, -0.065170, 0.113440, 0.013407
0.155383, -0.063892, 0.112222, 0.011103
0.161012, -0.062458, 0.110846, 0.008758
0.166420, -0.061020, 0.109422, 0.006364
0.171852, -0.059376, 0.107781, 0.003806
0.176795, -0.057800, 0.106216, 0.001452
0.181358, -0.056280, 0.104651, -0.000830
0.184553, -0.055263, 0.103457, -0.002666
0.187415, -0.054287, 0.102299, -0.004414
0.189764, -0.053466, 0.101241, -0.006001
0.192301, -0.052479, 0.099967, -0.007741
0.194768, -0.051390, 0.098613, -0.009489
0.197239, -0.050229, 0.097166, -0.011272
0.199766, -0.048987, 0.095666, -0.013070
0.202260, -0.047683, 0.094069, -0.014905
0.204663, -0.046380, 0.092487, -0.016672
0.206955, -0.045083, 0.090910, -0.018370
0.208296, -0.044053, 0.089671, -0.019585
0.209544, -0.043056, 0.088435, -0.020786
0.211084, -0.041940, 0.087075, -0.022114
0.212867, -0.040633, 0.085537, -0.023572
0.214339, -0.039414, 0.084094, -0.024858
0.215235, -0.038369, 0.082827, -0.025835
0.216499, -0.037161, 0.081383, -0.027012
0.217552, -0.036049, 0.080034, -0.028093
0.217488, -0.035377, 0.079160, -0.028651
0.217206, -0.034818, 0.078361, -0.029104
0.216986, -0.034220, 0.077550, -0.029555
0.216730, -0.033590, 0.076745, -0.029919
0.216823, -0.032731, 0.075760, -0.030454
0.217202, -0.031705, 0.074651, -0.031119
0.217690, -0.030648, 0.073525, -0.031788
0.218333, -0.029560, 0.072332, -0.032559
0.218747, -0.028607, 0.071269, -0.033219
0.218996, -0.027808, 0.070353, -0.033773
0.219308, -0.026975, 0.069398, -0.034325
0.219817, -0.026064, 0.068348, -0.034958
0.218819, -0.025747, 0.068033, -0.034664
0.218223, -0.025253, 0.067558, -0.034593
0.218226, -0.024481, 0.066814, -0.034844
0.218510, -0.023616, 0.065926, -0.035304
0.218618, -0.022925, 0.065156, -0.035683
0.218636, -0.022312, 0.064401, -0.036086
0.218467, -0.021835, 0.063669, -0.036528
0.218241, -0.021423, 0.062953, -0.037011
0.218244, -0.020952, 0.062164, -0.037667
0.218888, -0.020199, 0.061108, -0.038621
0.220029, -0.019241, 0.059869, -0.039797
0.221296, -0.018230, 0.058581, -0.041047
0.222710, -0.017179, 0.057233, -0.042389
0.223942, -0.016310, 0.056014, -0.043628
0.225109, -0.015509, 0.054838, -0.044832
0.225978, -0.014881, 0.053819, -0.045917
0.226885, -0.014254, 0.052767, -0.047053
0.228167, -0.013467, 0.051562, -0.048358
0.229702, -0.012556, 0.050238, -0.049812
0.231204, -0.011674, 0.048972, -0.051215
0.232859, -0.010782, 0.047689, -0.052653
0.234620, -0.009854, 0.046407, -0.054100
0.236079, -0.009068, 0.045310, -0.055332
0.235903, -0.009012, 0.045134, -0.055419
0.235895, -0.008902, 0.044929, -0.055556
0.236208, -0.008642, 0.044589, -0.055836
0.236807, -0.008266, 0.044145, -0.056293
0.237475, -0.007842, 0.043675, -0.056836
0.238305, -0.007371, 0.043127, -0.057481
0.239128, -0.006933, 0.042597, -0.058145
0.239949, -0.006498, 0.042054, -0.058861
0.240901, -0.006011, 0.041446, -0.059690
0.242254, -0.005336, 0.040688, -0.060679
0.243654, -0.004623, 0.039942, -0.061701
0.245155, -0.003845, 0.039133, -0.062839
0.246452, -0.003215, 0.038514, -0.063741
0.247959, -0.002544, 0.037855, -0.064713
0.249310, -0.001967, 0.037306, -0.065615
0.250885, -0.001287, 0.036666, -0.066634
0.252330, -0.000670, 0.036112, -0.067556
0.253795, -0.000096, 0.035618, -0.068445
0.255334, 0.000511, 0.035100, -0.069363
0.257136, 0.001196, 0.034528, -0.070323
0.258726, 0.001728, 0.034123, -0.071106
0.260551, 0.002368, 0.033631, -0.071963
0.262813, 0.003196, 0.032966, -0.072995
0.265024, 0.003960, 0.032368, -0.073940
0.267416, 0.004778, 0.031717, -0.074937
0.269754, 0.005597, 0.031086, -0.075943
0.272052, 0.006381, 0.030490, -0.076916
0.274064, 0.006991, 0.030053, -0.077728
0.275888, 0.007518, 0.029698, -0.078429
0.277708, 0.008070, 0.029339, -0.079132
0.279599, 0.008652, 0.028965, -0.079832
0.281299, 0.009100, 0.028730, -0.080381
0.283451, 0.009754, 0.028320, -0.081082
0.285636, 0.010443, 0.027866, -0.081802
0.287838, 0.011063, 0.027486, -0.082482
0.289910, 0.011593, 0.027155, -0.083114
0.291459, 0.011902, 0.027035, -0.083533
0.293021, 0.012200, 0.026929, -0.083920
0.294900, 0.012673, 0.026660, -0.084487
0.296729, 0.013145, 0.026386, -0.085043
0.298752, 0.013691, 0.026058, -0.085653
0.300919, 0.014300, 0.025680, -0.086296
0.303130, 0.014941, 0.025253, -0.086982
0.304924, 0.015418, 0.024971, -0.087506
0.306509, 0.015882, 0.024710, -0.088023
0.308262, 0.016443, 0.024361, -0.088633
0.310323, 0.017204, 0.023853, -0.089455
0.312835, 0.018157, 0.023180, -0.090438
0.315251, 0.019043, 0.022531, -0.091399
0.317076, 0.019728, 0.022039, -0.092139
0.318392, 0.020188, 0.021735, -0.092678
0.319639, 0.020631, 0.021438, -0.093229
0.319458, 0.020582, 0.021778, -0.092903
0.319677, 0.020767, 0.021917, -0.092838
0.320264, 0.021155, 0.021888, -0.092993
0.321000, 0.021653, 0.021712, -0.093324
0.321706, 0.022109, 0.021547, -0.093645
0.322292, 0.022492, 0.021427, -0.093922
0.322739, 0.022863, 0.021321, -0.094206
0.323535, 0.023416, 0.021022, -0.094689
0.324389, 0.024046, 0.020664, -0.095264
0.325757, 0.024809, 0.020136, -0.095997
0.327641, 0.025780, 0.019407, -0.096898
0.329890, 0.026847, 0.018542, -0.097917
0.331100, 0.027578, 0.018054, -0.098505
0.331255, 0.027711, 0.018076, -0.098491
0.331437, 0.027808, 0.018101, -0.098440
0.332365, 0.028159, 0.017882, -0.098664
0.333102, 0.028438, 0.017692, -0.098857
0.334098, 0.028874, 0.017373, -0.099259
0.335527, 0.029558, 0.016829, -0.099945
0.336988, 0.030201, 0.016329, -0.100656
0.338147, 0.030807, 0.015918, -0.101297
0.339497, 0.031451, 0.015477, -0.101974
0.340423, 0.031948, 0.015166, -0.102561
0.340607, 0.032072, 0.015137, -0.102867
0.340961, 0.032259, 0.015027, -0.103206
0.341577, 0.032517, 0.014804, -0.103653
0.342694, 0.032936, 0.014405, -0.104274
0.343829, 0.033316, 0.014035, -0.104859
0.344655, 0.033626, 0.013733, -0.105375
0.344961, 0.033751, 0.013613, -0.105730
0.345555, 0.033992, 0.013408, -0.106196
0.346616, 0.034438, 0.013037, -0.106836
0.347472, 0.034587, 0.012869, -0.107277
0.348910, 0.035015, 0.012459, -0.107978
0.350850, 0.035804, 0.011753, -0.109018
0.351375, 0.036116, 0.011547, -0.109559
0.351795, 0.036392, 0.011398, -0.110069
0.352279, 0.036645, 0.011303, -0.110557
0.352143, 0.036528, 0.011496, -0.110746
0.352292, 0.036555, 0.011499, -0.111133
0.353342, 0.036943, 0.011147, -0.111843
0.353004, 0.036892, 0.011321, -0.112216
0.351858, 0.036483, 0.011773, -0.112272
0.350582, 0.035992, 0.012268, -0.112320
0.349373, 0.035480, 0.012767, -0.112349
0.348486, 0.035172, 0.013105, -0.112563
0.348273, 0.035093, 0.013238, -0.112970
0.348723, 0.035373, 0.013037, -0.113671
0.348560, 0.035381, 0.013102, -0.114033
0.348697, 0.035507, 0.013034, -0.114491
0.349356, 0.035908, 0.012731, -0.115188
0.350163, 0.036362, 0.012361, -0.115875
0.351506, 0.037033, 0.011802, -0.116707
0.352951, 0.037761, 0.011224, -0.117572
0.353764, 0.038186, 0.010914, -0.118119
0.354316, 0.038495, 0.010691, -0.118534
0.354131, 0.038467, 0.010735, -0.118612
0.354646, 0.038739, 0.010503, -0.118944
0.355856, 0.039446, 0.009910, -0.119647
0.357349, 0.040367, 0.009156, -0.120485
0.358163, 0.040924, 0.008741, -0.120963
0.357527, 0.040799, 0.008921, -0.120778
0.356323, 0.040432, 0.009332, -0.120386
0.355861, 0.040448, 0.009396, -0.120369
0.356523, 0.040895, 0.009054, -0.120798
0.357416, 0.041419, 0.008669, -0.121279
0.357494, 0.041600, 0.008611, -0.121457
0.356218, 0.041116, 0.009111, -0.121041
0.354874, 0.040542, 0.009670, -0.120539
0.354885, 0.040632, 0.009643, -0.120591
0.355447, 0.040936, 0.009414, -0.120854
0.355956, 0.041127, 0.009262, -0.121001
0.355670, 0.040985, 0.009427, -0.120872
0.355501, 0.040753, 0.009647, -0.120662
0.355831, 0.040860, 0.009550, -0.120779
0.356683, 0.041209, 0.009242, -0.121105
0.357033, 0.041242, 0.009194, -0.121096
0.356914, 0.041012, 0.009365, -0.120928
0.356688, 0.040831, 0.009512, -0.120804
0.357084, 0.040974, 0.009406, -0.120967
0.357802, 0.041298, 0.009153, -0.121324
0.357786, 0.041324, 0.009201, -0.121371
0.357384, 0.041073, 0.009487, -0.121173
0.357290, 0.040941, 0.009649, -0.121051
0.357372, 0.040851, 0.009745, -0.120973
0.357666, 0.040891, 0.009729, -0.121041
0.357614, 0.040763, 0.009859, -0.120981
0.357012, 0.040386, 0.010210, -0.120669
0.355960, 0.039787, 0.010749, -0.120137
0.355814, 0.039825, 0.010759, -0.120247
0.356502, 0.040219, 0.010437, -0.120747
0.356781, 0.040389, 0.010304, -0.121051
0.356019, 0.040067, 0.010620, -0.120924
0.355655, 0.039925, 0.010749, -0.120952
0.356178, 0.040186, 0.010544, -0.121343
0.357303, 0.040647, 0.010153, -0.121939
0.358657, 0.041231, 0.009658, -0.122646
0.359251, 0.041444, 0.009497, -0.123028
0.358932, 0.041315, 0.009649, -0.123108
0.359016, 0.041311, 0.009690, -0.123274
0.358815, 0.041122, 0.009888, -0.123276
0.358856, 0.041065, 0.009977, -0.123385
0.359063, 0.041063, 0.010023, -0.123513
0.359167, 0.040914, 0.010211, -0.123488
0.359104, 0.040614, 0.010506, -0.123302
0.359324, 0.040512, 0.010631, -0.123223
0.359257, 0.040161, 0.010967, -0.122868
0.358656, 0.039584, 0.011524, -0.122315
0.358712, 0.039317, 0.011801, -0.122013
0.359585, 0.039497, 0.011688, -0.122114
0.360088, 0.039520, 0.011708, -0.122077
0.359965, 0.039241, 0.011976, -0.121753
0.360034, 0.039043, 0.012189, -0.121497
0.361219, 0.039385, 0.011952, -0.121754
0.362599, 0.039824, 0.011671, -0.122064
0.363829, 0.040166, 0.011472, -0.122303
0.363804, 0.039993, 0.011742, -0.122007
0.363971, 0.040072, 0.011791, -0.121970
0.363609, 0.039869, 0.012098, -0.121672
0.363118, 0.039623, 0.012478, -0.121268
0.362711, 0.039491, 0.012769, -0.120999
0.363634, 0.039923, 0.012530, -0.121256
0.364141, 0.040195, 0.012435, -0.121374
0.363945, 0.040045, 0.012688, -0.121152
0.362481, 0.039294, 0.013456, -0.120404
0.361777, 0.038991, 0.013805, -0.120112
0.362141, 0.039254, 0.013658, -0.120355
0.361822, 0.039171, 0.013872, -0.120234
0.360961, 0.038661, 0.014414, -0.119591
0.360319, 0.038163, 0.014931, -0.118845
0.359628, 0.037866, 0.015303, -0.118359
0.358592, 0.037442, 0.015831, -0.117763
0.357344, 0.036859, 0.016509, -0.117073
0.357101, 0.036803, 0.016721, -0.116958
0.357959, 0.037431, 0.016352, -0.117522
0.358743, 0.037962, 0.015987, -0.118040
0.358139, 0.037701, 0.016267, -0.117934
0.356756, 0.037059, 0.016863, -0.117575
0.356901, 0.037445, 0.016587, -0.118229
0.357209, 0.037912, 0.016265, -0.118970
0.356670, 0.038099, 0.016292, -0.119339
0.355911, 0.038158, 0.016445, -0.119582
0.355524, 0.038319, 0.016452, -0.119977
0.355572, 0.038525, 0.016367, -0.120405
0.354741, 0.038113, 0.016782, -0.120232
0.353981, 0.037448, 0.017370, -0.119749
0.353707, 0.037149, 0.017690, -0.119606
0.354771, 0.037572, 0.017405, -0.120131
0.355220, 0.037831, 0.017315, -0.120492
0.354955, 0.037735, 0.017539, -0.120527
0.355079, 0.037782, 0.017631, -0.120744
0.355093, 0.037656, 0.017801, -0.120798
0.354696, 0.037190, 0.018230, -0.120549
0.354687, 0.036772, 0.018564, -0.120330
0.354547, 0.036192, 0.019005, -0.119934
0.354348, 0.035463, 0.019576, -0.119392
0.354185, 0.034906, 0.020061, -0.119040
0.353942, 0.034412, 0.020529, -0.118799
0.354115, 0.034270, 0.020742, -0.118814
0.354317, 0.034224, 0.020942, -0.118903
0.354544, 0.034171, 0.021138, -0.118950
0.355646, 0.034481, 0.020916, -0.119324
0.357057, 0.034835, 0.020548, -0.119693
0.357965, 0.034855, 0.020454, -0.119722
0.358220, 0.034746, 0.020544, -0.119664
0.358837, 0.034980, 0.020395, -0.119881
0.359386, 0.035205, 0.020248, -0.120010
0.359608, 0.035388, 0.020231, -0.120114
0.359246, 0.035323, 0.020460, -0.120014
0.358385, 0.035027, 0.020863, -0.119774
0.357687, 0.034718, 0.021254, -0.119547
0.357390, 0.034404, 0.021592, -0.119352
0.356520, 0.033839, 0.022171, -0.118961
0.355959, 0.033225, 0.022765, -0.118556
0.355579, 0.032899, 0.023159, -0.118425
0.355323, 0.032684, 0.023453, -0.118416
0.353952, 0.031377, 0.024566, -0.116968
0.354380, 0.031268, 0.024667, -0.116738
0.355465, 0.031795, 0.024270, -0.117142
0.353355, 0.030778, 0.025367, -0.116000
0.353852, 0.031821, 0.024885, -0.117022
0.351737, 0.031348, 0.025799, -0.116548
0.348940, 0.030297, 0.027218, -0.115537
0.347887, 0.030347, 0.027608, -0.115696
0.349490, 0.031918, 0.026622, -0.117388
0.350075, 0.032688, 0.026229, -0.118328
0.348498, 0.032018, 0.027030, -0.117898
0.346679, 0.031050, 0.028086, -0.117193
0.346408, 0.031096, 0.028276, -0.117363
0.348776, 0.032779, 0.027017, -0.119131
0.350634, 0.034427, 0.025871, -0.120958
0.350942, 0.035422, 0.025391, -0.122240
0.350037, 0.035367, 0.025796, -0.122508
0.348248, 0.034511, 0.026778, -0.121918
0.347078, 0.033623, 0.027651, -0.121212
0.347431, 0.033515, 0.027785, -0.121256
0.348429, 0.033416, 0.027812, -0.121287
0.349201, 0.033284, 0.027943, -0.121308
0.348581, 0.032693, 0.028579, -0.120976
0.347358, 0.032028, 0.029352, -0.120646
0.346595, 0.031588, 0.029898, -0.120607
0.346892, 0.031603, 0.030011, -0.120966
0.346905, 0.031355, 0.030306, -0.121049
0.347882, 0.031348, 0.030317, -0.121339
0.349115, 0.031384, 0.030239, -0.121639
0.349836, 0.031284, 0.030298, -0.121877
0.350596, 0.031352, 0.030252, -0.122183
0.350987, 0.031239, 0.030394, -0.122267
0.350926, 0.031070, 0.030653, -0.122283
0.351303, 0.031224, 0.030621, -0.122531
0.352663, 0.031939, 0.030102, -0.123287
0.353570, 0.032155, 0.029912, -0.123398
0.354303, 0.032420, 0.029751, -0.123554
0.354356, 0.032328, 0.029858, -0.123406
0.354384, 0.032256, 0.029937, -0.123300
0.353965, 0.032049, 0.030136, -0.123087
0.353675, 0.031960, 0.030224, -0.123038
0.353342, 0.031806, 0.030367, -0.122931
0.353749, 0.031890, 0.030252, -0.123062
0.354110, 0.031955, 0.030190, -0.123181
0.354385, 0.031973, 0.030158, -0.123248
0.354309, 0.031931, 0.030232, -0.123234
0.353821, 0.031645, 0.030532, -0.122991
0.353935, 0.031634, 0.030585, -0.123048
0.354383, 0.031789, 0.030429, -0.123281
0.354087, 0.031474, 0.030686, -0.123116
0.353152, 0.030830, 0.031226, -0.122738
0.351978, 0.030096, 0.031828, -0.122265
0.351666, 0.029842, 0.032026, -0.122172
0.351151, 0.029528, 0.032294, -0.122059
0.350669, 0.029215, 0.032601, -0.121903
0.350435, 0.029106, 0.032769, -0.121969
0.349929, 0.028990, 0.032974, -0.122065
0.348199, 0.027368, 0.034243, -0.120203
0.348083, 0.027155, 0.034395, -0.119827
0.347702, 0.027071, 0.034498, -0.119662
0.345169, 0.025871, 0.035775, -0.118422
0.343511, 0.025280, 0.036549, -0.117831
0.345203, 0.027208, 0.035261, -0.119761
0.345790, 0.028487, 0.034555, -0.121059
0.344693, 0.028807, 0.034740, -0.121471
0.343256, 0.028750, 0.035221, -0.121550
0.342712, 0.028970, 0.035285, -0.121883
0.343357, 0.029569, 0.034875, -0.122547
0.344647, 0.030414, 0.034186, -0.123396
0.345535, 0.031003, 0.033800, -0.123971
0.345772, 0.031360, 0.033736, -0.124390
0.345692, 0.031701, 0.033766, -0.124874
0.346474, 0.032321, 0.033448, -0.125585
0.347046, 0.032560, 0.033306, -0.126035
0.346824, 0.032132, 0.033734, -0.125837
0.345553, 0.030863, 0.034916, -0.124845
0.343725, 0.028707, 0.036800, -0.122913
0.343869, 0.027678, 0.037635, -0.122083
0.345419, 0.027890, 0.037434, -0.122520
0.346839, 0.028392, 0.037062, -0.123223
0.346147, 0.027789, 0.037718, -0.122929
0.345243, 0.027402, 0.038269, -0.122937
0.345317, 0.027816, 0.038138, -0.123770
0.346902, 0.029149, 0.037168, -0.125453
0.348266, 0.030474, 0.036242, -0.127123
0.348385, 0.031199, 0.035894, -0.128195
0.347313, 0.030962, 0.036266, -0.128229
0.345690, 0.030219, 0.037000, -0.127761
0.342909, 0.029156, 0.038066, -0.127000
0.340371, 0.028282, 0.039005, -0.126257
0.337814, 0.027218, 0.040071, -0.125112
0.336492, 0.027018, 0.040501, -0.124682
0.336433, 0.027653, 0.040213, -0.125034
0.336736, 0.028613, 0.039630, -0.125749
0.337238, 0.029543, 0.038997, -0.126479
0.337102, 0.030018, 0.038787, -0.126789
0.336253, 0.029962, 0.039051, -0.126643
0.335133, 0.029515, 0.039598, -0.126116
0.334277, 0.029021, 0.040146, -0.125518
0.334599, 0.028998, 0.040177, -0.125384
0.335712, 0.029328, 0.039855, -0.125620
0.336822, 0.029566, 0.039679, -0.125786
0.337610, 0.029651, 0.039695, -0.125833
0.338823, 0.029812, 0.039617, -0.126046
0.339878, 0.029845, 0.039591, -0.126144
0.340452, 0.029510, 0.039823, -0.125891
0.340158, 0.028820, 0.040421, -0.125307
0.339798, 0.028104, 0.041000, -0.124808
0.339767, 0.027577, 0.041382, -0.124504
0.340420, 0.027572, 0.041280, -0.124650
0.340795, 0.027508, 0.041250, -0.124805
0.340299, 0.027003, 0.041656, -0.124554
0.339459, 0.026493, 0.042099, -0.124352
0.338516, 0.026063, 0.042489, -0.124205
0.337196, 0.025380, 0.043078, -0.123821
0.336454, 0.024990, 0.043376, -0.123690
0.335853, 0.024794, 0.043515, -0.123832
0.335549, 0.024818, 0.043531, -0.124091
0.335261, 0.024822, 0.043629, -0.124382
0.334109, 0.024160, 0.044257, -0.123905
0.333068, 0.023675, 0.044712, -0.123582
0.332739, 0.023537, 0.044878, -0.123560
0.332407, 0.023509, 0.044993, -0.123655
0.332328, 0.023586, 0.045051, -0.123863
0.333229, 0.024163, 0.044656, -0.124530
0.334660, 0.024943, 0.044006, -0.125350
0.335256, 0.025108, 0.043908, -0.125566
0.335284, 0.025072, 0.044071, -0.125618
0.334825, 0.024774, 0.044501, -0.125350
0.334207, 0.024490, 0.044963, -0.124995
0.334101, 0.024324, 0.045198, -0.124727
0.334859, 0.024657, 0.045023, -0.124875
0.335484, 0.024944, 0.044871, -0.124997
0.336015, 0.025201, 0.044725, -0.125114
0.335798, 0.025055, 0.044974, -0.124896
0.334719, 0.023627, 0.046057, -0.123003
0.334366, 0.022930, 0.046546, -0.122054
0.333619, 0.022398, 0.047044, -0.121430
0.332520, 0.021940, 0.047602, -0.121057
0.332587, 0.022036, 0.047621, -0.121304
0.333769, 0.022738, 0.047065, -0.122223
0.335747, 0.023804, 0.046182, -0.123501
0.336365, 0.024040, 0.046054, -0.123994
0.335265, 0.023573, 0.046680, -0.123930
0.334290, 0.023256, 0.047230, -0.124095
0.333216, 0.023160, 0.047710, -0.124520
0.332077, 0.023100, 0.048218, -0.124929
0.331807, 0.023402, 0.048301, -0.125681
0.332577, 0.024056, 0.047991, -0.126650
0.333638, 0.024509, 0.047731, -0.127397
0.334414, 0.024778, 0.047649, -0.127928
0.334489, 0.024654, 0.047912, -0.127981
0.333511, 0.024083, 0.048657, -0.127660
0.333054, 0.023728, 0.049194, -0.127534
0.332899, 0.023768, 0.049388, -0.127831
0.333719, 0.024440, 0.048958, -0.128743
0.334597, 0.025085, 0.048484, -0.129582
0.334730, 0.025326, 0.048399, -0.130006
0.334015, 0.025018, 0.048724, -0.129891
0.333185, 0.024024, 0.049469, -0.129139
0.332493, 0.023394, 0.049984, -0.128749
0.331370, 0.022159, 0.050881, -0.127287
0.329629, 0.020793, 0.052093, -0.125879
0.328640, 0.020056, 0.052857, -0.125166
0.329071, 0.020308, 0.052821, -0.125360
0.330805, 0.021289, 0.052111, -0.126334
0.331910, 0.021923, 0.051722, -0.127089
0.331325, 0.021773, 0.052103, -0.127133
0.330231, 0.021441, 0.052669, -0.127139
0.330400, 0.021793, 0.052558, -0.127780
0.330755, 0.022331, 0.052334, -0.128575
0.330732, 0.022828, 0.052210, -0.129171
0.330560, 0.023441, 0.052072, -0.129726
0.330294, 0.023989, 0.051968, -0.130148
0.330527, 0.024472, 0.051727, -0.130395
0.329542, 0.024209, 0.052103, -0.129938
0.328074, 0.023644, 0.052729, -0.129107
0.327138, 0.023245, 0.053149, -0.128427
0.326967, 0.023268, 0.053155, -0.128112
0.326746, 0.023479, 0.053092, -0.128174
0.326494, 0.023894, 0.052885, -0.128612
0.326479, 0.024539, 0.052504, -0.129388
0.326538, 0.024681, 0.052369, -0.129702
0.326359, 0.024497, 0.052398, -0.129775
0.325725, 0.023835, 0.052731, -0.129381
0.324631, 0.022884, 0.053378, -0.128732
0.322795, 0.021616, 0.054412, -0.127856
0.321601, 0.020773, 0.055028, -0.127536
0.321018, 0.020450, 0.055215, -0.127718
0.320008, 0.020037, 0.055593, -0.127807
0.319358, 0.019748, 0.055868, -0.127962
0.318611, 0.019407, 0.056233, -0.128040
0.317950, 0.019173, 0.056534, -0.128250
0.317790, 0.018787, 0.056888, -0.128308
0.317299, 0.018481, 0.057285, -0.128569
0.317180, 0.018654, 0.057355, -0.129297
0.316345, 0.018550, 0.057769, -0.129804
0.315245, 0.018296, 0.058286, -0.130042
0.315005, 0.018499, 0.058344, -0.130640
0.315100, 0.019046, 0.058100, -0.131554
0.314919, 0.019564, 0.057903, -0.132466
0.313460, 0.019409, 0.058335, -0.132684
0.311473, 0.018880, 0.059086, -0.132504
0.310368, 0.018823, 0.059409, -0.132791
0.310827, 0.019474, 0.059053, -0.133742
0.311674, 0.020304, 0.058527, -0.134806
0.311723, 0.020773, 0.058418, -0.135592
0.311321, 0.020613, 0.058770, -0.135749
0.311032, 0.020260, 0.059231, -0.135673
0.310826, 0.019562, 0.059820, -0.135081
0.309720, 0.018467, 0.060854, -0.134125
0.308362, 0.017319, 0.062004, -0.133214
0.307873, 0.016622, 0.062656, -0.132709
0.308321, 0.016705, 0.062639, -0.132807
0.309338, 0.017147, 0.062273, -0.133272
0.310018, 0.017397, 0.062107, -0.133494
0.309771, 0.017419, 0.062273, -0.133622
0.309661, 0.017465, 0.062373, -0.133817
0.310266, 0.017785, 0.062186, -0.134211
0.310931, 0.018021, 0.062032, -0.134575
0.311552, 0.018190, 0.061871, -0.134925
0.312546, 0.018407, 0.061655, -0.135169
0.313619, 0.018764, 0.061331, -0.135601
0.313984, 0.017989, 0.061879, -0.134934
0.313808, 0.017235, 0.062449, -0.134332
0.313372, 0.016602, 0.063053, -0.134017
0.313603, 0.016371, 0.063356, -0.134159
0.314165, 0.016430, 0.063394, -0.134553
0.314652, 0.016488, 0.063429, -0.134999
0.315697, 0.016670, 0.063241, -0.135496
0.316020, 0.016624, 0.063355, -0.135791
0.314718, 0.016056, 0.064073, -0.135778
0.312655, 0.015376, 0.064967, -0.135785
0.311283, 0.015002, 0.065530, -0.136009
0.310835, 0.014784, 0.065780, -0.136138
0.309315, 0.011903, 0.067501, -0.133163
0.312561, 0.012776, 0.066218, -0.133758
0.313745, 0.012991, 0.065862, -0.133965
0.309339, 0.010350, 0.068490, -0.131816
0.307025, 0.009780, 0.069582, -0.131736
0.307374, 0.011521, 0.068914, -0.133714
0.306383, 0.012477, 0.068987, -0.134943
0.304157, 0.012626, 0.069874, -0.135354
0.304056, 0.014376, 0.069433, -0.137204
0.305716, 0.017081, 0.068067, -0.139754
0.306226, 0.019075, 0.067490, -0.141607
0.305681, 0.020695, 0.067532, -0.143398
0.305105, 0.022118, 0.067658, -0.145008
0.304547, 0.022725, 0.067993, -0.145647
0.303629, 0.022696, 0.068614, -0.145583
0.301899, 0.021799, 0.069850, -0.144667
0.300606, 0.021001, 0.070817, -0.143769
0.299618, 0.020429, 0.071441, -0.143215
0.298973, 0.020259, 0.071680, -0.143171
0.297580, 0.019976, 0.072145, -0.143216
0.295495, 0.019580, 0.072834, -0.143234
0.293528, 0.018995, 0.073580, -0.143098
0.292060, 0.018877, 0.073909, -0.143410
0.292380, 0.019472, 0.073410, -0.144250
0.293218, 0.020065, 0.072732, -0.144973
0.293744, 0.020223, 0.072354, -0.145339
0.293599, 0.020069, 0.072418, -0.145498
0.293319, 0.019606, 0.072721, -0.145428
0.292706, 0.019127, 0.073201, -0.145306
0.292333, 0.018555, 0.073719, -0.145014
0.292325, 0.018086, 0.074138, -0.144754
0.292762, 0.017776, 0.074304, -0.144622
0.292987, 0.017062, 0.074771, -0.144087
0.293682, 0.016635, 0.074956, -0.143770
0.294380, 0.016354, 0.075086, -0.143719
0.294571, 0.016029, 0.075362, -0.143641
0.293589, 0.015252, 0.076240, -0.143340
0.292984, 0.014893, 0.076824, -0.143479
0.293579, 0.015029, 0.076793, -0.143951
0.294468, 0.015445, 0.076494, -0.144623
0.294727, 0.015569, 0.076473, -0.145046
0.294137, 0.015239, 0.076918, -0.145086
0.293778, 0.014965, 0.077295, -0.145034
0.294170, 0.014937, 0.077433, -0.145151
0.295195, 0.015390, 0.077112, -0.145661
0.296446, 0.015797, 0.076691, -0.145966
0.297299, 0.016067, 0.076425, -0.146163
0.296532, 0.014049, 0.077530, -0.143769
0.295552, 0.012248, 0.078631, -0.141815
0.296189, 0.011769, 0.078670, -0.141179
0.297927, 0.012294, 0.077999, -0.141503
0.299165, 0.012707, 0.077557, -0.141918
0.298888, 0.012402, 0.077884, -0.141858
0.298113, 0.011940, 0.078443, -0.141806
0.298239, 0.012281, 0.078378, -0.142483
0.299570, 0.013407, 0.077515, -0.143763
0.300661, 0.014279, 0.076860, -0.144708
0.300571, 0.014501, 0.076884, -0.145280
0.299637, 0.014123, 0.077506, -0.145331
0.299466, 0.014249, 0.077617, -0.145766
0.300267, 0.014796, 0.077232, -0.146494
0.300887, 0.015385, 0.076890, -0.147154
0.300352, 0.015338, 0.077245, -0.147319
0.299627, 0.015101, 0.077778, -0.147228
0.299280, 0.014856, 0.078193, -0.147057
0.300152, 0.015047, 0.078061, -0.147211
0.300387, 0.014837, 0.078205, -0.146994
0.299711, 0.014472, 0.078635, -0.146776
0.298719, 0.014021, 0.079158, -0.146524
0.297845, 0.013835, 0.079463, -0.146598
0.297342, 0.013454, 0.079789, -0.146438
0.297160, 0.013511, 0.079753, -0.146805
0.297499, 0.013934, 0.079350, -0.147551
0.296387, 0.013760, 0.079587, -0.147916
0.293710, 0.012894, 0.080609, -0.147908
0.290982, 0.012037, 0.081656, -0.147863
0.289774, 0.011873, 0.081903, -0.148166
0.289995, 0.012218, 0.081540, -0.148719
0.290396, 0.012638, 0.081160, -0.149390
0.289663, 0.012607, 0.081416, -0.149850
0.287718, 0.011945, 0.082399, -0.149731
0.286097, 0.010202, 0.083688, -0.147633
0.286263, 0.009714, 0.083891, -0.146689
0.287415, 0.010012, 0.083477, -0.146590
0.287115, 0.010059, 0.083697, -0.146844
0.285941, 0.009958, 0.084314, -0.147293
0.284861, 0.009941, 0.084872, -0.147896
0.284973, 0.010366, 0.084801, -0.148790
0.285223, 0.010757, 0.084599, -0.149657
0.285682, 0.010860, 0.084522, -0.150164
0.285477, 0.010418, 0.084951, -0.150010
0.284890, 0.010061, 0.085462, -0.150118
0.284989, 0.010365, 0.085460, -0.150681
0.285704, 0.011188, 0.085006, -0.151640
0.286140, 0.011602, 0.084770, -0.152039
0.285434, 0.011340, 0.085179, -0.151840
0.284232, 0.010724, 0.085879, -0.151362
0.284160, 0.010578, 0.086032, -0.151201
0.285118, 0.010867, 0.085748, -0.151487
0.286166, 0.011193, 0.085424, -0.151838
0.286360, 0.011137, 0.085498, -0.151980
0.285135, 0.010516, 0.086293, -0.151850
0.284733, 0.010481, 0.086605, -0.152299
0.285709, 0.011128, 0.086228, -0.153251
0.286996, 0.011438, 0.085887, -0.153723
0.287828, 0.011438, 0.085798, -0.153818
0.287208, 0.010726, 0.086366, -0.153439
0.286080, 0.009950, 0.087088, -0.153044
0.285216, 0.009497, 0.087620, -0.153039
0.285598, 0.009815, 0.087403, -0.153681
0.286560, 0.010606, 0.086840, -0.154544
0.286261, 0.010512, 0.086992, -0.154640
0.284667, 0.009009, 0.088195, -0.153349
0.283940, 0.007862, 0.089064, -0.152438
0.285329, 0.008036, 0.088694, -0.152699
0.286844, 0.008402, 0.088221, -0.153104
0.287188, 0.008355, 0.088274, -0.153387
0.285872, 0.007672, 0.089161, -0.153549
0.285009, 0.007158, 0.089813, -0.153723
0.285398, 0.007169, 0.089829, -0.154089
0.286091, 0.007410, 0.089571, -0.154645
0.286406, 0.007390, 0.089557, -0.155040
0.285700, 0.006611, 0.090239, -0.154802
0.285021, 0.006053, 0.090854, -0.154746
0.285009, 0.006138, 0.090988, -0.155309
0.285754, 0.006793, 0.090629, -0.156366
0.285595, 0.007050, 0.090700, -0.157106
0.285219, 0.006860, 0.091006, -0.157323
0.285126, 0.006716, 0.091265, -0.157436
0.284798, 0.006224, 0.091691, -0.157121
0.285089, 0.005949, 0.091836, -0.156871
0.285578, 0.005978, 0.091804, -0.157049
0.285439, 0.005692, 0.092034, -0.156938
0.285067, 0.005464, 0.092358, -0.157139
0.283732, 0.004944, 0.093017, -0.157214
0.282817, 0.004822, 0.093321, -0.157442
0.281783, 0.003848, 0.093901, -0.156467
0.281855, 0.003519, 0.093905, -0.155765
0.282471, 0.003680, 0.093566, -0.155660
0.282953, 0.004052, 0.093199, -0.156201
0.281875, 0.004042, 0.093495, -0.156851
0.280063, 0.003749, 0.094189, -0.157523
0.279547, 0.004202, 0.094189, -0.158676
0.280411, 0.005168, 0.093561, -0.159941
0.280261, 0.005440, 0.093511, -0.160528
0.279009, 0.004966, 0.094130, -0.160413
0.278183, 0.004636, 0.094515, -0.160209
0.278255, 0.004854, 0.094330, -0.160415
0.278470, 0.005336, 0.093997, -0.160840
0.278287, 0.005737, 0.093805, -0.161340
0.277474, 0.006007, 0.093902, -0.161679
0.275714, 0.005074, 0.094857, -0.160835
0.275391, 0.004128, 0.095447, -0.159677
0.276402, 0.004349, 0.095081, -0.159625
0.277620, 0.005150, 0.094409, -0.160473
0.277444, 0.005690, 0.094334, -0.161708
0.275700, 0.005513, 0.095085, -0.162767
0.273017, 0.004687, 0.096427, -0.163261
0.271953, 0.004510, 0.096962, -0.163978
0.272013, 0.004674, 0.096930, -0.164635
0.271585, 0.004739, 0.097117, -0.165468
0.269884, 0.004423, 0.097954, -0.166437
0.267052, 0.003814, 0.099301, -0.167522
0.265503, 0.003674, 0.100087, -0.168563
0.265880, 0.004243, 0.099939, -0.169695
0.266881, 0.004980, 0.099513, -0.170663
0.266455, 0.004581, 0.099945, -0.170393
0.265938, 0.003796, 0.100582, -0.169584
0.265911, 0.003249, 0.100863, -0.168771
0.266711, 0.003131, 0.100703, -0.168147
0.267500, 0.003256, 0.100486, -0.167912
0.268097, 0.003251, 0.100446, -0.167772
0.268469, 0.003138, 0.100646, -0.167901
0.268913, 0.003084, 0.100782, -0.168117
0.269826, 0.003235, 0.100625, -0.168347
0.269850, 0.002856, 0.100986, -0.168340
0.269677, 0.002541, 0.101358, -0.168408
0.270028, 0.002758, 0.101367, -0.168985
0.269688, 0.002597, 0.101752, -0.169351
0.269880, 0.002538, 0.101963, -0.169557
0.269762, 0.002111, 0.102422, -0.169409
0.269824, 0.001776, 0.102779, -0.169322
0.269889, 0.001278, 0.103226, -0.169099
0.269589, 0.000621, 0.103818, -0.168728
0.269220, 0.000032, 0.104431, -0.168394
0.269538, -0.000067, 0.104561, -0.168335
0.269595, -0.000167, 0.104782, -0.168417
0.269405, -0.000429, 0.105163, -0.168500
0.268906, -0.000862, 0.105663, -0.168495
0.268788, -0.001090, 0.106061, -0.168826
0.269693, -0.000464, 0.105746, -0.169872
0.270742, 0.000261, 0.105330, -0.170952
0.271286, 0.000872, 0.105121, -0.171981
0.270456, 0.000689, 0.105519, -0.172191
0.269383, 0.000240, 0.106051, -0.171921
0.269154, -0.000029, 0.106274, -0.171493
0.269684, -0.000208, 0.106206, -0.170740
0.270935, -0.000366, 0.105946, -0.169973
0.272132, -0.000255, 0.105596, -0.169701
0.272104, -0.000325, 0.105699, -0.169689
0.270809, -0.000775, 0.106314, -0.169792
0.268736, -0.001641, 0.107290, -0.169755
0.267825, -0.001982, 0.107666, -0.170002
0.268786, -0.001453, 0.107121, -0.170704
0.269431, -0.001146, 0.106754, -0.171231
0.269516, -0.001088, 0.106706, -0.171749
0.267816, -0.001632, 0.107473, -0.172239
0.266244, -0.001730, 0.108099, -0.173056
0.265474, -0.001728, 0.108410, -0.173662
0.264843, -0.002174, 0.108832, -0.173598
0.264281, -0.003016, 0.109401, -0.172904
0.264583, -0.003418, 0.109536, -0.172463
0.265078, -0.003607, 0.109601, -0.172460
0.264532, -0.004279, 0.110201, -0.172298
0.263384, -0.004782, 0.110922, -0.172796
0.262759, -0.004881, 0.111314, -0.173486
0.262450, -0.004580, 0.111444, -0.174454
0.262620, -0.003927, 0.111170, -0.175425
0.261648, -0.003854, 0.111444, -0.175958
0.260808, -0.004313, 0.111768, -0.175498
0.260832, -0.004397, 0.111638, -0.175053
0.260956, -0.004344, 0.111423, -0.174687
0.261102, -0.004362, 0.111255, -0.174379
0.260214, -0.004920, 0.111633, -0.173871
0.259388, -0.005321, 0.111888, -0.173664
0.259509, -0.005159, 0.111706, -0.174062
0.260590, -0.004476, 0.111087, -0.174793
0.260983, -0.004251, 0.110937, -0.175435
0.261165, -0.003997, 0.110894, -0.176441
0.260568, -0.003963, 0.111215, -0.177460
0.259823, -0.004134, 0.111728, -0.178381
0.260152, -0.003917, 0.111749, -0.179273
0.260265, -0.003873, 0.111926, -0.179923
0.260257, -0.003917, 0.112102, -0.180260
0.259257, -0.004535, 0.112737, -0.180210
0.258292, -0.004946, 0.113220, -0.180302
0.258185, -0.004840, 0.113274, -0.180724
0.257739, -0.005133, 0.113603, -0.180758
0.257494, -0.005380, 0.113840, -0.180718
0.257359, -0.005278, 0.113888, -0.181036
0.257225, -0.005137, 0.113872, -0.181272
0.256714, -0.005051, 0.113967, -0.181622
0.257371, -0.004368, 0.113477, -0.182364
0.256834, -0.004497, 0.113745, -0.182610
0.255792, -0.004874, 0.114307, -0.182715
0.254648, -0.005262, 0.114931, -0.182744
0.254524, -0.005237, 0.115101, -0.182983
0.255115, -0.004984, 0.114953, -0.183201
0.254910, -0.005203, 0.115283, -0.183129
0.254599, -0.005525, 0.115745, -0.183179
0.254506, -0.005892, 0.116190, -0.182963
0.255375, -0.005730, 0.116151, -0.183001
0.256379, -0.005284, 0.115920, -0.183417
0.257349, -0.004674, 0.115593, -0.184123
0.256793, -0.004869, 0.115980, -0.184270
0.255695, -0.005531, 0.116793, -0.184250
0.255003, -0.005909, 0.117306, -0.184257
0.255757, -0.005477, 0.117014, -0.184592
0.256458, -0.005159, 0.116727, -0.184838
0.256706, -0.005600, 0.116926, -0.184443
0.256159, -0.006053, 0.117319, -0.184268
0.254685, -0.006678, 0.118089, -0.184216
0.253317, -0.007091, 0.118696, -0.184393
0.253044, -0.006928, 0.118784, -0.184922
0.252899, -0.007068, 0.118936, -0.184892
0.251744, -0.007970, 0.119661, -0.184322
0.250123, -0.009125, 0.120601, -0.183598
0.248978, -0.010006, 0.121355, -0.183139
0.248647, -0.010288, 0.121566, -0.183027
0.248942, -0.010019, 0.121404, -0.183174
0.250093, -0.009078, 0.120711, -0.184016
0.250768, -0.008336, 0.120159, -0.184826
0.250540, -0.008486, 0.120135, -0.184768
0.248919, -0.009993, 0.121085, -0.183576
0.248155, -0.011011, 0.121638, -0.182730
0.248907, -0.010832, 0.121262, -0.182829
0.250262, -0.010143, 0.120483, -0.183391
0.250490, -0.009963, 0.120341, -0.184033
0.248534, -0.010709, 0.121257, -0.184525
0.246856, -0.011093, 0.122029, -0.185464
0.246574, -0.010746, 0.122091, -0.186706
0.246719, -0.010454, 0.122055, -0.187402
0.246614, -0.010485, 0.122270, -0.187750
0.244868, -0.012139, 0.123522, -0.186573
0.244916, -0.012339, 0.123673, -0.186627
0.246348, -0.010964, 0.122871, -0.187998
0.246842, -0.009844, 0.122495, -0.189613
0.244918, -0.010161, 0.123528, -0.190744
0.241948, -0.011264, 0.125118, -0.191018
0.241208, -0.011390, 0.125599, -0.191419
0.242229, -0.010488, 0.125163, -0.192067
0.243584, -0.009534, 0.124584, -0.192358
0.242015, -0.009972, 0.125551, -0.192424
0.240039, -0.010331, 0.126672, -0.192888
0.238011, -0.010420, 0.127750, -0.193877
0.237930, -0.009540, 0.127782, -0.195262
0.238544, -0.008210, 0.127375, -0.196728
0.238940, -0.007325, 0.127079, -0.197574
0.238399, -0.007357, 0.127387, -0.197461
0.238051, -0.007741, 0.127727, -0.196881
0.237963, -0.007903, 0.127902, -0.196462
0.237800, -0.007957, 0.128036, -0.196289
0.238111, -0.008407, 0.128192, -0.195647
0.237849, -0.008974, 0.128577, -0.195111
0.237198, -0.009643, 0.129039, -0.194520
0.236926, -0.009955, 0.129276, -0.194370
0.237237, -0.009774, 0.129151, -0.194547
0.238231, -0.009207, 0.128767, -0.195157
0.238441, -0.008954, 0.128791, -0.195757
0.238696, -0.008798, 0.128888, -0.196266
0.238404, -0.009282, 0.129422, -0.196231
0.238021, -0.009915, 0.130008, -0.196106
0.238141, -0.010230, 0.130294, -0.196001
0.238976, -0.010093, 0.130109, -0.196044
0.238763, -0.010627, 0.130478, -0.195728
0.237096, -0.011659, 0.131457, -0.195211
0.235020, -0.013019, 0.132630, -0.194458
0.233872, -0.013913, 0.133295, -0.193949
0.234656, -0.013620, 0.132907, -0.194112
0.235689, -0.013266, 0.132550, -0.194583
0.236594, -0.012937, 0.132275, -0.195025
0.236661, -0.012779, 0.132347, -0.195839
0.236763, -0.012348, 0.132321, -0.197015
0.237498, -0.011569, 0.131924, -0.198286
0.237430, -0.011431, 0.131920, -0.199000
0.237031, -0.012018, 0.132260, -0.198669
0.236822, -0.012699, 0.132675, -0.198345
0.237318, -0.013103, 0.132726, -0.197820
0.238086, -0.013207, 0.132599, -0.197514
0.238230, -0.012956, 0.132590, -0.197714
0.237715, -0.012730, 0.132773, -0.198268
0.236083, -0.013043, 0.133511, -0.198516
0.235557, -0.012966, 0.133771, -0.198886
0.234727, -0.013159, 0.134189, -0.199039
0.234506, -0.013184, 0.134285, -0.199028
0.233552, -0.013714, 0.134770, -0.198773
0.232745, -0.013992, 0.135144, -0.198906
0.232501, -0.013673, 0.135162, -0.199668
0.232246, -0.013557, 0.135233, -0.200198
0.231260, -0.013924, 0.135750, -0.200439
0.229670, -0.014676, 0.136596, -0.200387
0.229210, -0.014879, 0.136841, -0.200394
0.229379, -0.014778, 0.136752, -0.200515
0.229438, -0.014951, 0.136809, -0.200424
0.227658, -0.016430, 0.137959, -0.199633
0.225966, -0.017508, 0.138870, -0.199224
0.225599, -0.017318, 0.138919, -0.199886
0.226543, -0.016177, 0.138211, -0.201178
0.226174, -0.015806, 0.138317, -0.202402
0.225032, -0.015936, 0.138833, -0.203194
0.224169, -0.016173, 0.139340, -0.203691
0.223834, -0.016067, 0.139519, -0.204366
0.223585, -0.016241, 0.139787, -0.204591
0.224424, -0.015955, 0.139548, -0.205063
0.224106, -0.016176, 0.139869, -0.205629
0.223214, -0.016700, 0.140413, -0.205954
0.222372, -0.017731, 0.140998, -0.205369
0.221256, -0.019062, 0.141818, -0.204476
0.219748, -0.021714, 0.143194, -0.202331
0.220892, -0.022425, 0.143044, -0.201445
0.224347, -0.021348, 0.141515, -0.201965
0.226649, -0.020506, 0.140481, -0.203054
0.226040, -0.020871, 0.140879, -0.204135
0.224410, -0.021799, 0.141863, -0.204979
0.223898, -0.021735, 0.142123, -0.206347
0.225236, -0.020866, 0.141486, -0.207724
0.226366, -0.020004, 0.140881, -0.208816
0.226451, -0.019982, 0.140933, -0.209299
0.226341, -0.019852, 0.141060, -0.210006
0.225192, -0.020402, 0.141699, -0.210473
0.225517, -0.019841, 0.141466, -0.211518
0.226898, -0.018730, 0.140682, -0.212649
0.227452, -0.018245, 0.140374, -0.213205
0.225931, -0.019097, 0.141167, -0.212666
0.224035, -0.020096, 0.142142, -0.211867
0.224401, -0.019666, 0.141829, -0.211590
0.226291, -0.018229, 0.140650, -0.211925
0.227649, -0.016780, 0.139678, -0.212762
0.226232, -0.016423, 0.140008, -0.213565
0.223131, -0.016979, 0.141217, -0.213873
0.220714, -0.017517, 0.142107, -0.213791
0.220693, -0.016948, 0.141787, -0.213892
0.222056, -0.016125, 0.140882, -0.213764
0.222184, -0.016178, 0.140697, -0.213289
0.220760, -0.017306, 0.141423, -0.212305
0.219159, -0.018121, 0.142149, -0.212134
0.218735, -0.018232, 0.142278, -0.212586
0.219652, -0.017591, 0.141721, -0.213403
0.220533, -0.017289, 0.141394, -0.214091
0.219996, -0.017889, 0.141873, -0.214177
0.218687, -0.018627, 0.142701, -0.214118
0.218095, -0.018962, 0.143120, -0.214028
0.218871, -0.018283, 0.142792, -0.214307
0.219739, -0.017374, 0.142465, -0.215199
0.219105, -0.017092, 0.142929, -0.216133
0.217209, -0.017533, 0.144046, -0.216640
0.215600, -0.018277, 0.145120, -0.216504
0.215238, -0.018451, 0.145458, -0.216299
0.214730, -0.019168, 0.145941, -0.215406
0.214258, -0.020221, 0.146553, -0.214247
0.213278, -0.021421, 0.147470, -0.213528
0.212213, -0.022246, 0.148301, -0.213675
0.212540, -0.022070, 0.148458, -0.214815
0.213765, -0.021127, 0.148041, -0.216409
0.215809, -0.020042, 0.147232, -0.217647
0.216405, -0.019980, 0.147203, -0.217852
0.215115, -0.021352, 0.148251, -0.217034
0.214824, -0.022137, 0.148785, -0.216540
0.216024, -0.021701, 0.148374, -0.216768
0.217895, -0.020595, 0.147562, -0.217656
0.218218, -0.020422, 0.147601, -0.218169
0.216370, -0.021429, 0.148786, -0.217953
0.214061, -0.022833, 0.150264, -0.217508
0.213662, -0.023284, 0.150702, -0.217304
0.214535, -0.022909, 0.150327, -0.217228
0.214832, -0.022926, 0.150244, -0.216932
0.212884, -0.024710, 0.151432, -0.215283
0.211578, -0.025593, 0.152045, -0.214333
0.211552, -0.025197, 0.151749, -0.214640
0.212169, -0.023925, 0.150969, -0.215929
0.211988, -0.024057, 0.150854, -0.216160
0.213035, -0.023284, 0.150083, -0.216953
0.214310, -0.022027, 0.149116, -0.218368
0.214339, -0.021185, 0.148725, -0.219727
0.213266, -0.020818, 0.148957, -0.221054
