0.000000, -0.042005, 0.000216, 0.029852
0.000000, 0.050922, -0.017029, 0.107651
0.000000, 0.014785, -0.031797, 0.044996
0.000000, 0.195285, -0.046660, 0.095166
0.000000, 0.053011, -0.053598, 0.030671
0.000000, 0.082941, -0.060187, 0.018689
0.000000, -0.216299, 0.056730, 0.085614
-0.000162, -0.104435, -0.002843, 0.021926
0.000243, -0.128081, -0.016532, 0.012127
0.004233, -0.060154, -0.009678, 0.018346
0.000321, -0.115695, 0.011423, -0.022138
0.000000, -0.101393, 0.014692, -0.004908
0.000000, -0.115974, 0.070979, -0.047254
0.000000, 0.017221, -0.022561, -0.019776
0.000000, -0.073505, 0.026628, -0.026166
0.000000, 0.048424, 0.013508, -0.030164
0.000000, 0.044949, 0.011094, -0.011525
0.000000, 0.095482, -0.041065, -0.027000
0.000000, 0.147242, -0.044749, 0.002749
0.000000, 0.073406, -0.012354, -0.005588
0.000000, -0.035263, 0.064939, -0.019078
0.000000, 0.000011, 0.045672, -0.009016
0.000000, -0.001442, 0.024231, -0.004971
0.000000, 0.122132, -0.028715, 0.000862
0.000000, 0.004545, 0.007115, -0.009871
0.000000, -0.006076, 0.013257, -0.010021
0.000000, -0.089843, 0.087912, 0.000786
0.000000, -0.006747, 0.002845, 0.000985
0.000000, 0.131185, -0.021523, 0.012875
0.000000, -0.237490, 0.103770, -0.004809
0.000000, -0.052975, 0.011544, 0.021389
0.000000, 0.051355, 0.002485, 0.005969
0.000000, 0.001181, -0.015587, 0.006276
0.000000, -0.182047, -0.010432, 0.053816
0.000000, -0.027418, -0.022867, -0.000321
0.000000, -0.013903, -0.016811, -0.003380
0.000000, 0.031407, 0.000491, 0.006775
0.000000, -0.090730, 0.026299, 0.010788
0.000000, -0.051937, -0.034963, 0.027120
0.000000, 0.010592, -0.005993, 0.032589
0.000000, 0.097611, -0.004569, 0.012647
0.000000, 0.051163, 0.011111, 0.008793
0.000000, -0.054588, 0.043323, -0.047939
0.000000, -0.078826, 0.014007, -0.017939
0.000000, 0.023704, 0.002945, 0.004458
0.000000, -0.097809, 0.015435, -0.012055
0.000000, -0.019996, 0.015788, -0.046629
0.000000, 0.067917, -0.013178, -0.017239
0.000000, 0.042735, 0.013051, -0.040010
0.000000, -0.001243, -0.004648, 0.013766
0.000000, 0.017377, -0.006551, 0.010016
0.000000, 0.159971, 0.009621, -0.014912
0.000000, -0.020057, -0.019307, -0.014885
0.000000, 0.050994, -0.053854, -0.017356
0.000000, -0.228893, -0.047881, 0.034709
0.000000, -0.092351, 0.025116, 0.009617
0.000000, -0.086202, -0.027975, 0.025033
0.000000, -0.277560, 0.141665, 0.115814
0.000000, -0.019810, -0.061326, -0.010273
0.000000, 0.061020, 0.023509, 0.007853
0.000000, 0.007925, 0.009189, -0.007487
0.000000, 0.010754, -0.003706, -0.119377
0.000000, -0.136430, -0.003601, 0.010178
0.000000, -0.095567, -0.004104, 0.022609
0.000000, -0.138616, -0.002703, -0.000966
0.000000, -0.095862, -0.006795, 0.000554
0.000000, -0.007881, -0.006142, 0.008562
0.000000, -0.022750, -0.004651, 0.003346
0.000000, 0.067070, -0.006260, 0.002539
0.000000, 0.067693, -0.000999, -0.007827
0.000000, 0.006375, -0.003657, -0.011292
0.000000, 0.120450, -0.010000, -0.002044
0.000000, 0.052250, -0.011298, 0.009110
0.000000, -0.002625, -0.008133, 0.035576
0.000000, 0.064010, -0.004628, -0.013381
0.000000, -0.603161, 0.001485, 0.007717
0.000000, -0.360167, -0.017649, -0.029544
0.000000, 0.003685, -0.014056, 0.028495
0.000000, 0.190560, -0.007127, 0.063751
0.000000, 0.020809, -0.012856, 0.061341
0.000000, 0.039082, -0.011847, 0.051399
0.000000, 0.020629, -0.001595, 0.028398
0.000000, -0.023491, -0.004584, 0.022864
0.000000, 0.047892, -0.005875, -0.033271
0.000000, 0.475938, -0.013529, 0.175175
0.000000, 0.127978, -0.003085, -0.037390
0.000000, -0.093563, 0.005535, 0.011057
0.000000, 0.136657, 0.058843, -0.021354
0.000000, -0.364360, -0.047553, -0.023099
0.000000, -0.186810, 0.138142, -0.041965
0.000000, 0.041096, 0.007702, -0.025042
0.000000, -0.203465, -0.008626, -0.064739
0.000000, 0.215796, -0.066121, 0.095615
0.000000, -0.062659, -0.017703, -0.020291
0.000000, -0.303256, -0.001856, -0.056248
0.000000, 0.080415, -0.009363, 0.016019
0.000000, -0.093864, 0.088237, -0.059599
0.000000, 0.074043, -0.002538, -0.011621
0.000000, -0.050539, -0.016502, -0.041750
0.000000, -0.104698, -0.032678, -0.058342
0.000000, -0.047803, -0.000025, -0.012113
0.000000, 0.070560, 0.002569, -0.017523
0.000000, 0.068055, 0.037164, 0.034100
0.000000, 0.003846, -0.011935, -0.017528
0.000000, 0.047668, 0.023209, 0.020911
0.000000, 0.116017, 0.007530, 0.009732
0.000000, 0.135608, 0.081344, 0.056805
0.000000, 0.181774, 0.025719, 0.045853
0.000000, 0.219042, 0.004569, 0.046157
0.000000, -0.025890, -0.016887, -0.007789
0.000000, 0.104851, -0.015672, 0.003567
0.000000, -0.218039, -0.002232, -0.021545
0.000000, 0.105675, -0.004771, 0.030850
0.000000, -0.097232, -0.008285, 0.004335
0.000000, -0.260294, 0.009275, -0.044354
0.000000, -0.269541, 0.000901, -0.025353
0.000000, 0.129494, -0.013269, 0.002262
0.000000, 0.027713, -0.000918, -0.002036
0.000000, 0.131931, 0.000061, -0.011164
0.000000, -0.030703, 0.011075, -0.000953
0.000000, -0.035209, 0.001614, 0.006603
0.000000, 0.017967, 0.015536, 0.022944
0.000000, 0.538964, 0.007797, -0.000701
0.000000, -0.020008, 0.004016, 0.006662
0.000000, 0.170560, 0.100502, -0.021087
0.000000, 0.214958, 0.000332, 0.022993
0.000000, -0.034775, 0.000713, -0.006129
0.000000, -0.659896, -0.012587, -0.006913
0.000000, -0.196270, -0.008209, -0.020469
0.000000, -0.215232, 0.005293, -0.003266
0.000000, -0.261410, -0.013000, -0.009075
0.000000, -0.356034, 0.002625, -0.036137
0.000000, 0.089950, 0.002268, 0.012628
0.000000, -0.108991, 0.005555, 0.014939
0.000000, 0.014891, 0.025171, -0.009209
0.000000, 0.111382, 0.001311, -0.001364
0.000000, 0.242013, 0.005189, 0.028187
0.000000, 0.109696, 0.001248, 0.008305
0.000000, 0.216877, -0.001889, 0.305616
0.000000, 0.033789, 0.002397, 0.013178
0.000000, 0.085562, 0.001800, 0.014758
0.000000, -0.017792, 0.001352, 0.018539
0.000000, 0.423331, 0.000838, 0.041132
0.000000, 0.008290, 0.000900, 0.013886
0.000000, -0.022282, 0.000787, 0.002193
0.000000, 0.168960, 0.001552, 0.037896
0.000000, -0.006020, 0.000949, 0.009070
0.000000, 0.045903, 0.001767, 0.011882
0.000000, -0.366277, -0.002996, -0.005340
0.000000, 0.036489, 0.001738, 0.015662
0.000000, -0.798648, -0.006375, -0.040297
0.000000, -0.015915, 0.000046, -0.008845
0.000000, -0.303684, -0.000229, -0.023207
0.000000, -0.003671, 0.000495, -0.028574
0.000000, -0.189976, 0.001116, -0.032802
0.000000, 0.058981, 0.002533, 0.002151
0.000000, -0.031709, 0.000463, -0.015971
0.000000, -0.016386, 0.000355, -0.023031
0.000000, 0.101569, 0.000136, -0.021303
0.000000, 0.034134, 0.001040, -0.005090
0.000000, -0.017480, 0.000610, 0.000112
0.000000, 0.041029, 0.000642, 0.001951
0.000000, 0.082647, 0.001224, -0.008132
0.000000, -0.469019, -0.000104, -0.052651
0.000000, 0.123606, 0.000317, -0.002245
0.000000, 0.039199, 0.002473, 0.013427
0.000000, 0.102258, -0.000953, -0.012519
0.000000, -0.051588, -0.001146, -0.023468
0.000000, -0.190678, 0.001217, -0.025172
0.000000, 0.074049, 0.000155, -0.000425
0.000000, -0.037237, 0.001383, -0.025892
0.000000, -0.163849, -0.000709, -0.028684
0.000000, -0.054272, -0.000792, -0.012005
0.000000, -0.092274, 0.000231, -0.018501
0.000000, -0.263251, -0.013628, -0.013537
0.000000, -0.193648, -0.003439, -0.008157
0.000000, -0.060635, -0.000342, -0.013716
0.000000, 0.077903, -0.000417, -0.000875
0.000000, 0.082569, 0.000548, 0.057245
0.000000, 0.054644, 0.000224, 0.038260
0.000000, 0.015440, 0.001206, -0.012508
0.000000, 0.069906, 0.000530, 0.000502
0.000000, 0.038129, -0.001750, 0.008863
0.000000, 0.018949, 0.001791, 0.001819
0.000000, 0.090485, 0.001241, 0.020376
0.000000, 0.072638, -0.000687, 0.007306
0.000000, -0.026680, -0.000165, 0.000986
0.000000, 0.042307, 0.000259, -0.005883
0.000000, 0.020513, -0.000225, -0.002845
0.000000, 0.060398, 0.000780, 0.009305
0.000000, -0.014904, -0.000410, -0.021824
0.000000, -0.035793, -0.000842, -0.003977
0.000000, 0.001221, -0.001023, -0.003978
0.000000, -0.014147, -0.003273, -0.007858
0.000000, 0.035990, 0.000991, 0.016816
0.000000, 0.015687, 0.000952, -0.006206
0.000000, 0.137795, 0.000751, 0.035149
0.000000, 0.005273, -0.001441, -0.008587
0.000000, -0.009307, -0.000597, -0.003880
0.000000, 0.058432, 0.001327, -0.003961
0.000000, 0.056718, -0.000852, -0.011803
0.000000, 0.060864, -0.001220, -0.005945
0.000000, 0.138293, 0.000759, 0.000997
0.000000, 0.095397, 0.000118, 0.000533
0.000000, 0.042667, 0.001053, 0.000806
0.000000, 0.082018, -0.001806, 0.003304
0.000000, 0.020119, 0.000696, 0.022702
0.000000, -0.212273, -0.000417, -0.009808
0.000000, -0.001935, -0.002469, 0.003995
0.000000, -0.012906, -0.000155, -0.003669
0.000000, 0.024858, -0.000030, 0.001081
0.000000, -0.020607, 0.000632, 0.015355
0.000000, -0.006870, -0.001433, -0.005477
0.000000, 0.037869, 0.003044, 0.013131
0.000000, 0.038716, 0.001392, 0.000432
0.000000, 0.005752, 0.000752, -0.005281
0.000000, 0.042414, 0.001467, 0.013629
0.000000, -0.054166, 0.000842, 0.000370
0.000000, -0.016509, 0.002464, 0.016902
0.000000, -0.080447, 0.000159, -0.006440
0.000000, -0.031504, -0.000616, 0.014335
0.000000, 0.025131, 0.002533, 0.000529
0.000000, 0.045194, 0.004476, 0.030558
0.000000, -0.182823, -0.000414, -0.042914
0.000000, -0.052983, 0.001277, -0.013738
0.000000, 0.075795, 0.002560, 0.011577
0.000000, 0.027681, -0.001406, -0.000622
0.000000, -0.004456, -0.000299, 0.012732
0.000000, 0.082233, 0.000586, 0.014412
0.000000, 0.029461, -0.000512, 0.010848
0.000000, 0.168910, -0.002693, 0.000179
0.000000, 0.053367, -0.000408, -0.006092
0.000000, 0.127689, 0.001567, -0.001474
0.000000, 0.121900, 0.001514, 0.018540
0.000000, -0.002503, -0.000010, -0.000445
0.000000, 0.076653, 0.001682, 0.006964
0.000000, -0.019072, 0.001315, 0.005993
0.000000, -0.042795, 0.001759, 0.022949
0.000000, 0.044992, 0.000605, 0.009300
0.000000, 0.081556, -0.000371, -0.011457
0.000000, -0.048199, 0.000906, -0.006193
0.000000, -0.011260, 0.001184, 0.005817
0.000000, -0.047079, 0.000677, 0.004110
0.000000, -0.100011, -0.001336, 0.059960
0.000000, -0.033541, 0.000329, 0.006220
0.000000, 0.040843, -0.000801, -0.001258
0.000000, -0.134530, -0.001983, -0.002147
0.000000, -0.109710, 0.000388, 0.016018
0.000000, 0.038824, -0.001615, -0.000141
0.000000, -0.065042, 0.000591, -0.005954
0.000000, 0.062867, 0.001451, 0.023068
0.000000, 0.020673, -0.003892, 0.010787
0.000000, -0.037741, -0.000891, 0.010252
0.000000, 0.053608, 0.000187, -0.000634
0.000000, -0.026807, -0.000533, -0.014553
0.000000, -0.109692, 0.000387, -0.025734
0.000000, 0.007377, 0.000518, -0.010739
0.000000, 0.006221, 0.000695, 0.005241
0.000000, 0.040974, 0.000496, -0.003201
0.000000, 0.073057, 0.002231, 0.019566
0.000000, 0.055216, 0.001587, -0.001677
0.000000, 0.023098, 0.000044, -0.011463
0.000000, -0.078667, 0.001370, -0.026685
0.000000, -0.039574, 0.001271, 0.009534
0.000000, 0.018834, 0.000708, -0.003446
0.000000, 0.032760, -0.000016, 0.001696
0.000000, -0.121187, 0.001265, -0.005408
0.000000, 0.004029, 0.002880, -0.004228
0.000000, -0.014977, 0.000809, 0.005594
0.000000, 0.008604, 0.002688, -0.000017
0.000000, -0.015549, 0.000882, -0.013801
0.000000, 0.003343, 0.000640, 0.000871
0.000000, -0.052351, 0.000331, 0.016636
0.000000, 0.014452, 0.000526, -0.008195
0.000000, 0.083363, -0.002555, -0.003616
0.000000, -0.024014, -0.002324, -0.037375
0.000000, -0.016372, 0.001020, 0.011674
0.000000, -0.064930, -0.000054, -0.010412
0.000000, 0.150943, 0.000187, 0.017588
0.000000, 0.001107, 0.001314, 0.019877
0.000000, -0.033969, 0.000288, -0.009235
0.000000, 0.012076, -0.000849, 0.002315
0.000000, 0.049256, -0.001052, 0.007822
0.000000, 0.236610, 0.000403, 0.013123
0.000000, 0.000867, -0.000760, 0.004026
0.000000, -0.045251, -0.000563, -0.000394
0.000000, -0.051183, -0.000270, -0.005189
0.000000, -0.020041, -0.002036, 0.011167
0.000000, -0.045226, -0.001139, 0.013424
0.000000, 0.080916, -0.000275, 0.018987
0.000000, 0.027155, 0.000011, 0.014890
0.000000, -0.006325, -0.000165, 0.059274
0.000000, 0.022614, 0.003338, -0.009271
0.000000, -0.035136, 0.000738, -0.010128
0.000000, -0.031668, -0.002548, -0.030025
0.000000, 0.017670, 0.003170, -0.001197
0.000000, -0.017637, 0.000096, -0.002212
0.000000, 0.032819, 0.000981, 0.002936
0.000000, 0.017670, 0.002131, -0.017318
0.000000, 0.058078, 0.009526, 0.016063
0.000000, -0.032607, -0.002956, -0.009450
0.000000, 0.041318, 0.002116, 0.001733
0.000000, -0.069995, -0.002027, -0.003457
0.000000, -0.075414, -0.003225, 0.014942
0.000000, -0.084006, -0.001898, -0.003345
0.000000, -0.513782, 0.000680, -0.010578
0.000000, -0.007643, -0.001865, 0.009985
0.000000, -0.047688, -0.001370, -0.006766
0.000000, 0.057588, 0.001479, 0.006318
0.000000, 0.142886, -0.000064, -0.008324
0.000000, -0.036321, 0.000080, -0.011716
0.000000, 0.006521, 0.006116, -0.001934
0.000000, -0.044734, -0.000240, -0.007073
0.000000, -0.013060, 0.000039, -0.021998
0.000000, 0.061864, 0.000344, 0.008289
0.000000, 0.005034, 0.001525, 0.008544
0.000000, -0.020814, 0.003012, -0.007713
0.000000, 0.016860, -0.001922, -0.013963
0.000000, 0.013201, 0.001401, -0.004192
0.000000, -0.013949, -0.000171, -0.017827
0.000000, 0.045714, -0.001380, -0.016466
0.000000, -0.015403, 0.000261, 0.012108
0.000000, 0.018360, -0.000587, -0.003809
0.000000, 0.021998, 0.001312, -0.003627
0.000000, -0.092468, 0.001786, -0.020958
0.000000, -0.049148, -0.000264, -0.013647
0.000000, -0.005407, -0.000223, -0.028085
0.000000, -0.000782, -0.000323, -0.011123
0.000000, -0.045832, 0.000984, -0.018625
0.000000, 0.078662, 0.003286, 0.022841
0.000000, -0.009861, -0.002390, -0.023198
0.000000, 0.091417, 0.002266, 0.073709
0.000000, 0.062098, 0.001002, 0.048747
0.000000, 0.105640, 0.002719, 0.026319
0.000000, -0.019108, -0.000215, -0.008262
0.000000, 0.000375, -0.000505, -0.000769
0.000000, 0.026618, 0.000896, 0.005929
0.000000, -0.079835, -0.003273, 0.009254
0.000000, 0.044259, 0.000578, 0.012064
0.000000, -0.029197, 0.001307, 0.002741
0.000000, -0.042020, 0.002110, 0.003177
0.000000, 0.101053, -0.000705, -0.013329
0.000000, 0.017713, 0.000531, -0.002863
0.000000, 0.006198, -0.001295, -0.023892
0.000000, -0.583170, -0.012089, -0.037312
0.000000, 0.013058, 0.000478, -0.009230
0.000000, 0.079394, 0.000269, -0.001040
0.000000, 0.085243, 0.000156, 0.007329
0.000000, 0.000650, 0.001028, 0.004288
0.000000, -0.029147, -0.000945, -0.003851
0.000000, 0.045805, -0.000178, 0.012656
0.000000, -0.037309, 0.007546, -0.007629
0.000000, -0.008177, -0.000220, 0.020120
0.000000, -0.032166, 0.000551, 0.009414
0.000000, -0.032562, -0.001422, -0.001961
0.000000, -0.000145, 0.000445, -0.021228
0.000000, -0.042874, 0.001583, 0.008258
0.000000, -0.048346, 0.000711, 0.001379
0.000000, -0.033773, 0.000659, -0.000340
0.000000, 0.001604, 0.001700, -0.016826
0.000000, -0.307397, -0.001404, -0.006895
0.000000, 0.021926, 0.000196, -0.007326
0.000000, -0.038665, 0.000285, 0.006036
0.000000, -0.012892, -0.000243, -0.020050
0.000000, 0.026948, -0.001821, 0.025301
0.000000, -0.046157, -0.000150, -0.007580
0.000000, 0.001860, 0.000019, -0.031647
0.000000, -0.049450, -0.001887, 0.000000
0.000000, 0.023463, 0.002100, -0.020415
0.000000, 0.029533, -0.000325, -0.005718
0.000000, -0.010576, -0.000429, -0.051736
0.000000, -0.001345, -0.000224, -0.001308
0.000000, 0.023883, -0.000685, 0.009410
0.000000, 0.048057, -0.000256, 0.012941
0.000000, 0.046808, 0.000277, -0.057396
0.000000, -0.016722, 0.003328, 0.000182
0.000000, -0.059590, 0.000584, 0.010011
0.000000, -0.010585, 0.000285, -0.005231
0.000000, 0.049112, 0.000883, 0.004382
0.000000, 0.086949, -0.000918, 0.022310
0.000000, 0.018190, 0.001025, 0.007263
0.000000, -0.004233, -0.003835, 0.019533
0.000000, -0.016672, 0.000354, -0.005633
0.000000, 0.009103, 0.000273, -0.004587
0.000000, 0.016477, 0.001577, -0.000978
0.000000, 0.000487, 0.001914, -0.005067
0.000000, -0.039888, -0.000524, 0.005649
0.000000, -0.029919, -0.000085, 0.006721
0.000000, 0.031889, -0.000594, 0.009888
0.000000, 0.002730, -0.000071, -0.004659
0.000000, -0.024944, -0.000450, 0.004309
0.000000, -0.003815, 0.001385, 0.027483
0.000000, -0.000773, 0.002090, 0.005125
0.000000, 0.012620, 0.001073, -0.004773
0.000000, 0.007439, 0.001633, 0.009760
0.000000, 0.007490, -0.000109, 0.002820
0.000000, 0.037023, 0.001566, 0.005259
0.000000, 0.000398, -0.000206, 0.016592
0.000000, 0.014684, 0.000334, 0.013202
0.000000, 0.004512, 0.001282, 0.008854
0.000000, -0.047949, 0.000703, 0.023311
0.000000, -0.012090, 0.000222, -0.006883
0.000000, -0.019277, -0.000261, -0.002255
0.000000, -0.013341, 0.004294, -0.009577
0.000000, -0.026744, -0.003341, 0.005782
0.000000, -0.055728, 0.000097, -0.001069
0.000000, -0.013345, 0.001171, -0.009509
0.000000, -0.000682, -0.000724, 0.010405
0.000000, 0.048706, 0.000397, 0.021859
0.000000, 0.005015, 0.000192, 0.002337
0.000000, -0.034677, -0.000117, 0.006115
0.000000, 0.004455, 0.000400, -0.011488
0.000000, 0.007094, 0.000139, -0.049447
0.000000, -0.011172, 0.000116, 0.028425
0.000000, 0.009818, -0.000092, -0.017835
0.000000, 0.056851, 0.000406, -0.017202
0.000000, -0.019529, -0.000096, -0.016065
0.000000, -0.002075, -0.000209, -0.036520
0.000000, 0.078637, 0.000041, 0.003114
0.000000, -0.020695, -0.000131, -0.003817
0.000000, -0.060861, 0.000390, 0.016951
0.000000, -0.051577, -0.000373, 0.003768
0.000000, 0.068998, -0.000582, 0.017941
0.000000, 0.016592, -0.000804, 0.015641
0.000000, 0.004169, -0.001266, 0.023079
0.000000, 0.035049, -0.003105, 0.058336
0.000000, -0.047646, -0.000249, -0.020981
0.000000, -0.072235, -0.000149, -0.026384
0.000000, 0.055306, 0.003771, 0.012303
0.000000, 0.041144, 0.000025, -0.010042
0.000000, -0.073690, -0.000174, -0.006786
0.000000, -0.013924, -0.000523, 0.005244
0.000000, 0.063351, 0.001474, 0.010394
0.000000, 0.002109, -0.000690, 0.006062
0.000000, 0.037887, 0.001087, 0.022247
0.000000, 0.039947, -0.001735, 0.018063
0.000000, -0.041470, 0.000469, -0.021789
0.000000, 0.012968, 0.000663, -0.014442
0.000000, -0.029489, -0.000418, -0.013631
0.000000, 0.078664, 0.001805, -0.003607
0.000000, -0.021657, -0.000557, -0.004117
0.000000, 0.010123, 0.000297, -0.014932
0.000000, 0.033066, -0.000253, 0.008445
0.000000, -0.003934, 0.000117, 0.008498
0.000000, -0.079106, -0.000301, -0.001898
0.000000, 0.124613, 0.000067, 0.027740
0.000000, -0.001769, -0.000023, -0.030571
0.000000, 0.013148, 0.000137, 0.011357
0.000000, 0.059992, -0.002206, -0.010832
0.000000, 0.013772, -0.000490, -0.011768
0.000000, 0.022533, -0.000246, 0.023406
0.000000, -0.013706, -0.001489, 0.012957
0.000000, 0.073859, -0.003578, 0.066487
0.000000, -0.066595, -0.001370, 0.006143
0.000000, -0.226755, 0.003165, -0.014481
0.000000, -0.005665, 0.000550, -0.028025
0.000000, -0.003937, 0.003856, -0.025408
0.000000, 0.052914, 0.001885, -0.008641
0.000000, 0.003030, 0.000168, -0.033861
0.000000, 0.007939, -0.002262, 0.005574
0.000000, -0.003244, -0.000907, -0.004844
0.000000, 0.009656, 0.001182, -0.008407
0.000000, 0.033858, 0.001932, 0.007825
0.000000, -0.002627, -0.000792, -0.051732
0.000000, -0.034475, -0.000475, -0.005682
0.000000, -0.003958, 0.000852, 0.010968
0.000000, 0.000541, 0.000270, 0.008970
0.000000, -0.311931, 0.000066, -0.027696
0.000000, -0.027716, -0.000394, 0.008323
0.000000, 0.013028, -0.000062, 0.013948
0.000000, 0.027771, 0.000466, 0.005967
0.000000, -0.003230, 0.000514, 0.013218
0.000000, 0.068444, -0.000429, 0.012967
0.000000, 0.018692, 0.000170, 0.011159
0.000000, 0.059054, -0.000098, -0.014059
0.000000, 0.154447, -0.000022, 0.015284
0.000000, 0.010608, -0.001493, 0.017705
0.000000, 0.113196, -0.001243, 0.020479
0.000000, -0.034780, -0.000018, 0.012398
0.000000, 0.046018, -0.000168, -0.002657
0.000000, -0.021309, 0.000950, -0.004515
0.000000, -0.014267, -0.000425, 0.013794
0.000000, 0.046209, -0.004077, 0.011689
0.000000, -0.002601, -0.000579, -0.010095
0.000000, 0.030039, -0.000112, -0.003639
0.000000, 0.008653, -0.000855, -0.048228
0.000000, -0.005459, -0.000701, -0.006141
0.000000, 0.088614, -0.000372, -0.002740
0.000000, 0.016985, 0.000486, -0.011735
0.000000, 0.002027, 0.000834, 0.020185
0.000000, -0.018422, 0.009074, -0.013707
0.000000, -0.219762, 0.000441, -0.032673
0.000000, -0.043672, 0.002273, -0.005246
0.000000, -0.052975, -0.000156, 0.002197
0.000000, -0.009945, 0.000049, 0.005749
0.000000, -0.017406, 0.001083, -0.017938
0.000000, -0.051786, -0.000686, -0.026617
0.000000, 0.038530, -0.000530, 0.028924
0.000000, -0.054495, -0.000012, 0.013267
0.000000, -0.023241, 0.001736, 0.026188
0.000000, 0.003378, 0.001398, 0.000753
0.000000, -0.054246, 0.001269, 0.018761
0.000000, 0.055669, 0.000576, -0.012318
0.000000, -0.013677, -0.000051, -0.010194
0.000000, 0.032017, -0.000876, 0.032046
0.000000, 0.014406, -0.000759, -0.025916
0.000000, 0.018609, -0.000956, 0.017397
0.000000, 0.000611, -0.000226, -0.010532
0.000000, -0.003146, -0.000584, -0.012251
0.000000, 0.008597, 0.000968, -0.009500
0.000000, 0.025144, 0.000606, -0.004617
0.000000, 0.006853, -0.000360, -0.002899
0.000000, -0.051206, 0.000062, -0.004828
0.000000, -0.019827, -0.000330, -0.007627
0.000000, 0.021340, -0.002029, 0.042567
0.000000, 0.022077, 0.000240, -0.001369
0.000000, -0.002334, -0.000209, -0.008315
0.000000, -0.010698, -0.000118, -0.025284
0.000000, 0.061508, -0.000568, 0.050591
0.000000, 0.009504, 0.000207, -0.004410
0.000000, 0.030178, 0.000911, -0.016097
0.000000, 0.033296, 0.000308, 0.001868
0.000000, -0.022009, -0.000496, 0.021444
0.000000, -0.004575, 0.000416, 0.023348
0.000000, 0.006048, -0.000271, -0.025795
0.000000, -0.001414, -0.000711, -0.037228
0.000000, 0.014438, 0.000014, 0.023328
0.000000, -0.022056, -0.006406, -0.002351
0.000000, -0.022241, -0.000186, -0.025692
0.000000, -0.014421, 0.000335, -0.015196
0.000000, -0.009347, -0.000013, 0.016927
0.000000, -0.045158, 0.000395, 0.005620
0.000000, 0.034554, 0.000000, -0.051566
0.000000, -0.003450, -0.007375, 0.016553
0.000000, -0.000976, 0.000220, 0.028600
0.000000, -0.020225, -0.001583, 0.036986
0.000000, 0.044023, 0.000654, 0.004503
0.000000, -0.012465, -0.000426, -0.039762
0.000000, -0.038885, -0.000019, 0.062196
0.000000, 0.003306, 0.000115, 0.026879
0.000000, -0.030630, 0.000745, -0.006905
0.000000, -0.028603, 0.000994, 0.004384
0.000000, 0.006936, -0.000295, 0.005264
0.000000, 0.025574, 0.003391, 0.062715
0.000000, 0.033331, -0.002705, 0.019928
0.000000, -0.017476, 0.000644, 0.018469
0.000000, 0.015307, -0.003338, 0.024274
0.000000, -0.003678, 0.000217, -0.034412
0.000000, 0.053623, -0.001092, -0.021483
0.000000, 0.010622, 0.001782, -0.002242
0.000000, -0.014166, 0.000044, -0.028391
0.000000, -0.025530, -0.001235, -0.013649
0.000000, -0.013868, -0.001890, -0.038229
0.000000, -0.027878, 0.003819, -0.004009
0.000000, 0.009182, -0.000261, -0.008814
0.000000, -0.058600, 0.003292, 0.000098
0.000000, 0.009922, 0.000069, -0.004621
0.000000, -0.021779, -0.000251, -0.005316
0.000000, 0.006763, 0.000024, -0.013805
0.000000, 0.006189, -0.000402, 0.004273
0.000000, 0.026292, -0.000200, 0.024659
0.000000, 0.027189, -0.006367, 0.009488
0.000000, 0.004567, -0.001223, -0.019387
0.000000, 0.007315, 0.000871, -0.010876
0.000000, 0.022256, -0.000562, -0.017481
0.000000, 0.000725, -0.001954, 0.003872
0.000000, -0.008284, 0.000229, -0.012527
0.000000, 0.002791, 0.000202, -0.003104
0.000000, 0.005823, 0.000136, -0.007107
0.000000, -0.010127, 0.003246, -0.003493
0.000000, -0.013161, -0.000084, 0.018828
0.000000, 0.001525, 0.003587, 0.017477
0.000000, -0.011037, -0.000154, -0.001656
0.000000, 0.001950, 0.001402, -0.029673
0.000000, -0.000910, 0.002768, -0.024456
0.000000, -0.019824, 0.008063, -0.010495
0.000000, 0.038006, -0.001848, 0.051610
0.000000, -0.035958, 0.001059, -0.008882
0.000000, -0.012563, -0.000107, -0.001824
0.000000, -0.008890, 0.000313, 0.018834
0.000000, -0.026385, -0.004562, 0.009609
0.000000, 0.005820, -0.000510, 0.017224
0.000000, -0.038881, 0.002558, 0.026460
0.000000, -0.017941, -0.000053, -0.053238
0.000000, -0.028933, 0.001893, 0.010368
0.000000, -0.017697, 0.002711, 0.023566
0.000000, -0.026597, 0.001526, -0.003673
0.000000, -0.005021, -0.000319, 0.005155
0.000000, 0.006013, 0.000262, 0.024757
0.000000, -0.008085, -0.002006, 0.018026
0.000000, -0.015858, -0.000608, -0.017495
0.000000, -0.017767, -0.000051, 0.003207
0.000000, 0.005695, -0.001024, -0.025013
0.000000, -0.096563, -0.000005, 0.003792
0.000000, 0.001704, -0.000376, -0.002116
0.000000, -0.015228, 0.000920, 0.006188
0.000000, 0.027375, 0.000112, 0.003197
0.000000, -0.002570, -0.002308, 0.083957
0.000000, -0.002988, 0.000163, -0.028721
0.000000, 0.009485, -0.000128, -0.040102
0.000000, 0.011994, -0.000084, -0.034558
0.000000, 0.024207, 0.000601, -0.004415
0.000000, 0.039229, -0.000436, 0.011027
0.000000, -0.006301, 0.000006, -0.003820
0.000000, -0.041535, 0.000523, -0.026181
0.000000, 0.020595, 0.001767, 0.013006
0.000000, 0.049085, -0.000117, 0.022609
0.000000, 0.007773, -0.000439, -0.009640
0.000000, -0.008975, 0.000060, -0.023107
0.000000, 0.016080, -0.000171, -0.002388
0.000000, 0.000946, 0.000129, 0.008092
0.000000, 0.010929, -0.000673, -0.000223
0.000000, 0.018588, -0.000173, -0.037266
0.000000, -0.012152, 0.000453, 0.021883
0.000000, 0.003951, 0.000454, 0.001005
0.000000, 0.063680, 0.000000, 0.018417
0.000000, 0.020962, -0.000069, -0.002737
0.000000, 0.001166, 0.002838, 0.028433
0.000000, 0.025291, 0.000224, -0.000109
0.000000, 0.001724, 0.000085, -0.015214
0.000000, 0.019788, -0.000244, -0.004747
0.000000, 0.009446, 0.000149, 0.086866
0.000000, -0.016716, -0.000718, 0.008124
0.000000, -0.020357, 0.000832, 0.027243
0.000000, -0.028599, 0.001501, -0.000278
0.000000, -0.028364, 0.001025, -0.024962
0.000000, -0.049171, -0.000509, 0.018294
0.000000, -0.033139, 0.000109, -0.012744
0.000000, -0.047097, -0.000007, -0.036505
0.000000, -0.008202, 0.000443, -0.005530
0.000000, -0.003398, 0.000440, 0.008280
0.000000, -0.020972, 0.000083, -0.002852
0.000000, 0.010873, -0.000003, -0.023597
0.000000, 0.011292, 0.000344, -0.008829
0.000000, -0.032447, 0.000000, 0.027395
0.000000, -0.004702, -0.000563, 0.014131
0.000000, -0.014622, 0.000099, 0.002992
0.000000, 0.018262, -0.000138, -0.009338
0.000000, 0.068592, -0.000332, 0.048487
0.000000, -0.006094, -0.001316, -0.005233
0.000000, -0.016904, -0.000985, -0.003959
0.000000, 0.034625, -0.000419, -0.018167
0.000000, 0.015855, 0.000081, -0.003362
0.000000, 0.021232, -0.001713, -0.022188
0.000000, 0.030626, -0.000701, 0.013396
0.000000, 0.033082, -0.000183, 0.015075
0.000000, 0.001898, 0.000272, -0.013400
0.000000, 0.018587, 0.000518, -0.008565
0.000000, -0.006273, -0.000096, -0.017451
0.000000, 0.002761, -0.000035, -0.016602
0.000000, -0.026511, 0.001326, -0.021854
0.000000, -0.001202, 0.000156, -0.003294
0.000000, -0.012768, 0.000100, -0.024303
0.000000, -0.028037, 0.000816, 0.000888
0.000000, 0.024019, -0.000063, 0.002781
0.000000, -0.033854, -0.000130, 0.005220
0.000000, -0.007383, -0.000613, -0.034460
0.000000, 0.048789, 0.000058, 0.013228
0.000000, -0.004081, -0.000057, 0.024896
0.000000, -0.001355, 0.000674, 0.006824
0.000000, -0.006515, 0.000018, -0.001825
0.000000, -0.006392, 0.001039, 0.007661
0.000000, -0.031299, 0.000169, -0.020992
0.000000, -0.020407, 0.000664, 0.013612
0.000000, -0.029452, 0.000113, 0.084296
0.000000, 0.008205, -0.000025, 0.026789
0.000000, -0.004608, 0.000000, 0.004251
0.000000, 0.040620, 0.000808, -0.004002
0.000000, -0.024094, 0.001105, -0.023033
0.000000, 0.001973, -0.000880, -0.001253
0.000000, -0.009713, -0.000543, -0.010743
0.000000, -0.005267, 0.002871, -0.018316
0.000000, -0.035149, -0.001080, -0.019002
0.000000, 0.017236, -0.001435, -0.023304
0.000000, 0.012427, 0.002858, 0.018000
0.000000, -0.007709, -0.001935, 0.002965
0.000000, -0.005825, -0.001144, -0.005700
0.000000, 0.007485, -0.000016, 0.023220
0.000000, -0.020485, -0.001213, 0.015306
0.000000, -0.013086, -0.002690, 0.077326
0.000000, -0.025175, -0.000093, -0.006272
0.000000, -0.013940, 0.000326, -0.001185
0.000000, -0.059232, -0.000149, -0.022160
0.000000, -0.008060, -0.000034, -0.039837
0.000000, -0.024409, 0.000119, -0.010980
0.000000, -0.015676, 0.000112, -0.012401
0.000000, 0.048964, -0.002668, 0.001038
0.000000, 0.020682, -0.000160, -0.024302
0.000000, 0.011161, -0.000075, 0.029390
0.000000, 0.000908, -0.002017, 0.016041
0.000000, 0.003116, 0.000736, 0.007503
0.000000, 0.003128, 0.000106, -0.002556
0.000000, 0.002364, 0.000296, -0.011387
0.000000, 0.015225, 0.000004, -0.044363
0.000000, 0.009307, -0.003765, -0.001201
0.000000, -0.047199, 0.000599, 0.000744
0.000000, 0.001367, -0.000260, -0.048755
0.000000, -0.038990, 0.000692, 0.005581
0.000000, 0.048069, 0.000000, 0.016676
0.000000, -0.008462, 0.000774, 0.032409
0.000000, 0.012368, -0.000649, -0.018870
0.000000, 0.004398, -0.000142, -0.030417
0.000000, 0.021440, -0.000809, 0.013301
0.000000, 0.007720, -0.000222, 0.003033
0.000000, 0.039900, -0.004155, 0.042315
0.000000, -0.079852, 0.000133, -0.067630
0.000000, 0.008435, -0.000750, -0.016135
0.000000, -0.009248, -0.000341, 0.019471
0.000000, -0.009194, -0.000303, -0.017206
0.000000, -0.014150, -0.000097, 0.006465
0.000000, -0.011713, 0.001003, -0.017880
0.000000, -0.018773, 0.001976, -0.011984
0.000000, -0.010279, 0.000700, -0.000686
0.000000, -0.000345, 0.000488, 0.004638
0.000000, 0.019760, -0.000602, 0.046480
0.000000, -0.037369, -0.000192, 0.018793
0.000000, 0.011721, 0.000159, 0.021600
0.000000, -0.004010, -0.000180, 0.022662
0.000000, 0.035742, 0.002873, 0.017466
0.000000, 0.019142, -0.000213, -0.026547
0.000000, -0.127876, 0.000000, -0.085608
0.000000, 0.052722, 0.002714, 0.000941
0.000000, -0.010035, 0.001643, -0.004179
0.000000, 0.017865, -0.000327, -0.015075
0.000000, 0.056308, 0.001824, 0.081821
0.000000, -0.012629, 0.000854, 0.024998
0.000000, 0.014845, -0.000427, 0.010675
0.000000, -0.062517, -0.000549, 0.015098
0.000000, -0.025093, -0.000367, 0.003362
0.000000, -0.021336, 0.000453, -0.005467
0.000000, -0.002745, -0.002610, 0.002987
0.000000, 0.011768, 0.000578, 0.019184
0.000000, 0.008824, -0.000252, -0.004452
0.000000, -0.000885, -0.001639, 0.027041
0.000000, 0.006345, -0.000553, -0.019044
0.000000, 0.013273, -0.000796, -0.008327
0.000000, 0.067743, -0.000083, 0.007915
0.000000, -0.020058, 0.000126, 0.007385
0.000000, 0.014863, 0.001248, 0.018259
0.000000, -0.042410, -0.000660, -0.000186
0.000000, -0.066668, 0.000000, 0.017555
0.000000, 0.043594, -0.000627, 0.012080
0.000000, -0.001595, -0.000434, 0.001572
0.000000, 0.033407, 0.000774, -0.003878
0.000000, 0.008405, -0.000440, -0.019445
0.000000, -0.002473, 0.000566, -0.007468
0.000000, 0.020809, -0.005483, 0.071643
0.000000, 0.065076, 0.000090, 0.002535
0.000000, 0.007837, -0.001222, -0.022119
0.000000, 0.013316, -0.001967, -0.030119
0.000000, 0.012144, -0.002188, -0.007900
0.000000, -0.023963, -0.001269, -0.016806
0.000000, -0.010378, 0.000372, -0.016762
0.000000, 0.008807, 0.000438, -0.015434
0.000000, -0.009563, 0.003222, -0.028716
0.000000, 0.001606, 0.003868, 0.005628
0.000000, -0.018022, 0.000952, -0.019806
0.000000, -0.029728, -0.002155, -0.008081
0.000000, 0.010831, 0.000631, -0.013472
0.000000, -0.014533, -0.001485, -0.007967
0.000000, 0.019625, -0.001020, 0.003253
0.000000, 0.009688, 0.001079, 0.018985
0.000000, -0.009077, 0.001175, -0.004260
0.000000, -0.011322, 0.000048, -0.027014
0.000000, -0.032146, 0.004233, -0.005864
0.000000, -0.024197, 0.001785, -0.013765
0.000000, -0.026461, -0.000051, 0.002342
0.000000, 0.000611, 0.002260, -0.000805
0.000000, 0.040161, -0.000686, 0.026173
0.000000, 0.007509, -0.000367, -0.012793
0.000000, 0.015436, 0.001212, -0.028927
0.000000, 0.002123, -0.000546, -0.007192
0.000000, 0.007483, -0.000116, -0.023795
0.000000, 0.016432, 0.000065, 0.006533
0.000000, 0.009215, -0.000497, -0.000690
0.000000, -0.001906, -0.000218, 0.017819
0.000000, -0.018379, 0.002406, 0.027413
0.000000, -0.005194, 0.000495, 0.024159
0.000000, 0.010934, -0.000363, 0.028406
0.000000, -0.003506, -0.000271, -0.042218
0.000000, -0.023689, 0.000237, -0.012115
0.000000, -0.003933, -0.001113, -0.004365
0.000000, -0.005282, 0.000056, 0.000938
0.000000, 0.029913, 0.000801, 0.004585
0.000000, 0.021861, -0.001214, 0.028843
0.000000, 0.024351, 0.001190, -0.000030
0.000000, -0.005839, 0.000978, 0.001273
0.000000, -0.007039, -0.001540, 0.049389
0.000000, -0.020591, -0.000846, 0.013683
0.000000, -0.013853, -0.000893, 0.022821
0.000000, 0.019894, -0.000076, 0.015724
0.000000, -0.007843, -0.000630, 0.014130
0.000000, 0.030826, 0.000113, 0.028025
0.000000, -0.007895, -0.000982, 0.016423
0.000000, -0.000355, 0.000928, -0.037968
0.000000, -0.009024, 0.000086, -0.014653
0.000000, -0.022716, 0.002420, 0.019344
0.000000, 0.023529, -0.000558, -0.001634
0.000000, -0.019266, -0.000436, -0.023542
0.000000, -0.017533, -0.000331, -0.021470
0.000000, 0.000212, -0.000004, -0.043178
0.000000, 0.015656, 0.000154, 0.011877
0.000000, 0.032160, -0.001156, 0.042685
0.000000, -0.003611, -0.000293, -0.016024
0.000000, -0.011680, 0.001006, -0.026421
0.000000, 0.020585, -0.000001, -0.003342
0.000000, 0.013157, 0.000309, 0.022010
0.000000, 0.006399, 0.000354, -0.005104
0.000000, 0.014348, 0.000057, -0.001680
0.000000, -0.045689, -0.000441, -0.001520
0.000000, -0.019924, 0.000300, -0.017994
0.000000, -0.021237, 0.002776, 0.023267
0.000000, 0.027346, 0.000000, 0.017196
0.000000, -0.012313, 0.000145, -0.013336
0.000000, -0.015919, -0.002279, 0.009690
0.000000, -0.015362, 0.000408, -0.021666
0.000000, -0.017522, -0.000676, -0.014982
0.000000, 0.011453, -0.000263, -0.034352
0.000000, -0.000535, 0.000390, 0.005761
0.000000, 0.002662, 0.000042, -0.008820
0.000000, -0.021458, -0.000477, 0.020037
0.000000, -0.003732, -0.000058, -0.021525
0.000000, 0.003542, -0.000817, 0.024380
0.000000, -0.004411, -0.000322, 0.018479
0.000000, 0.001213, 0.000226, -0.008363
0.000000, -0.041118, -0.000182, 0.009497
0.000000, 0.013279, 0.000351, 0.019843
0.000000, 0.002801, -0.001351, 0.025764
0.000000, -0.028722, 0.000016, 0.013054
0.000000, -0.015199, 0.001459, -0.009196
0.000000, 0.006581, -0.000035, 0.039809
0.000000, 0.004187, 0.000476, -0.007792
0.000000, 0.010732, -0.000002, -0.015210
0.000000, 0.014740, -0.000146, 0.010546
0.000000, 0.009540, -0.000040, 0.025845
0.000000, 0.019412, 0.000036, 0.004114
0.000000, -0.009773, -0.000013, 0.022759
0.000000, 0.080107, -0.000023, -0.006107
0.000000, 0.021989, -0.000601, -0.037304
0.000000, 0.016727, -0.001529, 0.000542
0.000000, -0.017533, 0.001355, -0.002657
0.000000, 0.021842, 0.000392, -0.017732
0.000000, -0.015991, 0.000644, -0.021831
0.000000, 0.013047, -0.000324, -0.016540
0.000000, -0.013074, -0.002695, 0.011828
0.000000, -0.024071, 0.000014, -0.007917
0.000000, 0.009386, -0.000481, -0.025503
0.000000, 0.008972, -0.003203, -0.031557
0.000000, -0.004016, 0.000580, 0.043931
0.000000, 0.000105, 0.000125, -0.000804
0.000000, -0.000707, -0.001306, 0.001072
0.000000, -0.014239, -0.000424, -0.006611
0.000000, -0.012236, -0.000542, 0.084410
0.000000, 0.013516, 0.001806, -0.012824
0.000000, -0.001973, 0.001993, 0.008783
0.000000, -0.005982, -0.000214, -0.038216
0.000000, -0.012834, -0.002274, 0.006137
0.000000, -0.015914, -0.001057, -0.001196
0.000000, -0.011157, -0.002706, 0.001089
0.000000, -0.026208, -0.002842, 0.014016
0.000000, 0.007661, -0.000355, 0.011514
0.000000, -0.028904, -0.000008, -0.039659
0.000000, 0.002927, -0.000580, -0.019960
0.000000, 0.002606, 0.000951, 0.009890
0.000000, -0.040169, 0.005684, 0.021795
0.000000, 0.038875, 0.003249, 0.000072
0.000000, -0.001258, 0.000734, 0.013796
0.000000, -0.029971, -0.001696, 0.096169
0.000000, 0.017632, -0.000351, 0.003260
0.000000, 0.026920, 0.000787, -0.011554
0.000000, 0.004778, 0.000024, 0.013730
0.000000, 0.015718, 0.003007, 0.018932
0.000000, -0.006245, -0.000137, -0.019714
0.000000, 0.022292, -0.001751, 0.017379
0.000000, 0.001955, -0.001636, 0.008081
0.000000, 0.021921, 0.000431, 0.002841
0.000000, 0.004612, -0.001768, 0.004706
0.000000, -0.011968, 0.001264, -0.018696
0.000000, -0.012366, 0.001660, -0.019744
0.000000, -0.006288, 0.000202, -0.017343
0.000000, -0.000450, 0.000012, -0.032262
0.000000, -0.022295, 0.000195, -0.027183
0.000000, -0.039367, -0.002063, -0.025392
0.000000, -0.016850, -0.000619, -0.010430
0.000000, 0.000690, -0.000893, -0.006268
0.000000, 0.030518, -0.000187, 0.012889
0.000000, 0.012819, 0.001889, 0.003556
0.000000, 0.014260, -0.003388, -0.027751
0.000000, 0.000892, -0.000585, -0.011383
0.000000, 0.013983, -0.000648, -0.021323
0.000000, -0.021743, 0.001195, 0.021197
0.000000, -0.005164, -0.006847, 0.018030
0.000000, 0.000342, 0.000360, -0.018421
0.000000, 0.013819, 0.000946, -0.032677
0.000000, -0.001000, -0.001556, 0.002300
0.000000, -0.005070, 0.000332, -0.030488
0.000000, -0.059598, 0.002314, 0.023383
0.000000, -0.016974, -0.000352, -0.003512
0.000000, 0.012765, 0.000023, 0.024289
0.000000, -0.012979, -0.000513, -0.010172
0.000000, 0.018829, 0.001516, -0.005824
0.000000, 0.008221, -0.001523, 0.009411
0.000000, 0.003959, -0.000450, -0.020332
0.000000, -0.008441, -0.001296, -0.022900
0.000000, -0.026874, -0.002594, 0.040999
0.000000, 0.030481, -0.001732, -0.007185
0.000000, 0.007170, 0.000071, -0.013902
0.000000, -0.013554, 0.000173, -0.001634
0.000000, 0.022011, 0.001919, 0.015415
0.000000, -0.026195, 0.001861, -0.003569
0.000000, -0.026370, 0.006737, 0.021028
0.000000, -0.017837, -0.000532, -0.006467
0.000000, -0.012989, 0.000415, 0.004447
0.000000, 0.055238, 0.001562, 0.017160
0.000000, 0.003120, 0.000589, -0.016404
0.000000, 0.002209, -0.001666, -0.042703
0.000000, -0.006342, -0.002700, 0.039541
0.000000, 0.002653, -0.001366, 0.017899
0.000000, 0.024946, -0.005047, 0.018585
0.000000, 0.025016, -0.000765, 0.007512
0.000000, -0.013871, -0.002808, 0.034301
0.000000, -0.022236, 0.001286, 0.010257
0.000000, -0.024538, 0.002666, -0.006133
0.000000, -0.015545, 0.002592, -0.021841
0.000000, 0.006163, 0.000440, -0.010020
0.000000, -0.007462, 0.001940, -0.031671
0.000000, -0.030686, -0.000297, -0.016123
0.000000, 0.005784, 0.004569, 0.008613
0.000000, 0.021449, -0.000031, -0.005411
0.000000, -0.004043, -0.000388, -0.021851
0.000000, 0.012118, -0.007667, 0.039622
0.000000, 0.025885, 0.000637, 0.015525
0.000000, 0.042938, -0.003665, 0.050514
0.000000, -0.019672, -0.002454, 0.014093
0.000000, -0.047296, -0.003554, 0.020702
0.000000, 0.000780, 0.007418, 0.002311
0.000000, 0.016203, 0.001568, 0.016836
0.000000, -0.055099, 0.006929, 0.028223
0.000000, -0.009379, 0.001553, -0.005555
0.000000, -0.028127, 0.011310, 0.022804
0.000000, -0.012978, -0.001896, 0.019183
0.000000, -0.004112, -0.003253, 0.069581
0.000000, -0.010571, -0.005491, -0.033733
0.000000, 0.013286, -0.004875, -0.013899
0.000000, -0.030326, -0.001428, -0.040777
0.000000, -0.024942, -0.000710, -0.034828
0.000000, -0.020631, 0.002718, -0.036353
0.000000, 0.001486, 0.000146, -0.063550
0.000000, 0.035277, -0.001795, 0.020416
0.000000, -0.009900, 0.000863, -0.010078
0.000000, -0.021178, 0.002056, -0.019867
0.000000, 0.009423, -0.002538, 0.006683
0.000000, -0.002128, 0.001248, -0.007804
0.000000, 0.003190, -0.000458, 0.015645
0.000000, -0.001377, -0.000729, -0.046921
0.000000, -0.030568, 0.001126, -0.010083
0.000000, -0.045015, -0.000009, -0.019678
0.000000, -0.012490, -0.000389, -0.017687
0.000000, -0.009853, -0.000332, 0.005090
0.000000, 0.003961, 0.000458, 0.009825
0.000000, -0.043420, 0.000896, 0.001569
0.000000, -0.008867, 0.000349, -0.007726
0.000000, 0.023300, -0.000346, 0.033656
0.000000, 0.036267, -0.004896, 0.029728
0.000000, -0.014196, 0.000005, -0.008910
0.000000, 0.016612, 0.000180, 0.032598
0.000000, 0.003348, -0.000896, -0.007815
0.000000, 0.033898, 0.000438, 0.020402
0.000000, -0.017454, 0.000556, 0.007404
0.000000, 0.020810, -0.000271, -0.030678
0.000000, 0.017605, -0.002247, 0.029163
0.000000, -0.004303, -0.001222, 0.008997
0.000000, 0.022340, -0.000564, 0.000900
0.000000, 0.021296, 0.000199, 0.026753
0.000000, -0.033344, -0.002537, -0.000382
0.000000, 0.008257, 0.000174, -0.044729
0.000000, -0.006208, -0.001217, -0.019591
0.000000, -0.004509, -0.002441, 0.027221
0.000000, 0.004637, -0.000530, -0.048757
0.000000, -0.031631, -0.000065, -0.022416
0.000000, -0.038357, -0.002016, 0.072600
0.000000, -0.052568, 0.008548, -0.025465
0.000000, -0.037042, 0.000290, -0.044828
0.000000, -0.000009, 0.001487, 0.009468
0.000000, -0.000534, 0.000670, -0.000499
0.000000, 0.008218, -0.000127, -0.036673
0.000000, 0.036685, -0.003340, 0.033436
0.000000, 0.021194, -0.004215, 0.001530
0.000000, 0.110487, 0.003281, 0.043137
0.000000, -0.006852, 0.000044, -0.022171
0.000000, 0.016108, 0.001066, -0.019286
0.000000, 0.021091, -0.000417, 0.004893
0.000000, -0.003292, -0.000446, -0.016772
0.000000, -0.002623, -0.000327, -0.018641
0.000000, 0.003021, -0.002843, 0.016437
0.000000, -0.007911, -0.001056, -0.019957
0.000000, -0.035046, 0.002955, -0.027771
0.000000, -0.028868, -0.001863, 0.019465
0.000000, 0.016471, 0.002464, -0.002820
0.000000, -0.026935, 0.000223, 0.000344
0.000000, -0.028846, 0.000595, -0.026173
0.000000, 0.003066, 0.001982, 0.016257
0.000000, -0.018183, -0.002334, 0.028743
0.000000, 0.010094, 0.000562, 0.018110
0.000000, 0.033244, -0.004859, 0.027625
0.000000, 0.033195, 0.000631, 0.039350
0.000000, -0.025199, 0.004269, 0.023022
0.000000, 0.018269, -0.002973, -0.016126
0.000000, -0.027246, -0.000325, 0.000641
0.000000, -0.018496, 0.003824, -0.008707
0.000000, -0.014185, 0.003872, 0.012094
0.000000, -0.003591, -0.000024, -0.012735
0.000000, -0.000639, -0.001390, 0.010215
0.000000, 0.010425, 0.000908, 0.003714
0.000000, 0.030879, -0.000802, 0.014848
0.000000, 0.002596, -0.001430, -0.002064
0.000000, 0.015358, -0.000137, -0.004374
0.000000, 0.037573, 0.001235, 0.032419
0.000000, -0.007664, -0.000910, -0.025605
0.000000, 0.006837, -0.000312, -0.012553
0.000000, 0.006746, -0.000854, -0.003044
0.000000, 0.022391, -0.000304, 0.021888
0.000000, -0.018702, 0.000487, -0.004099
0.000000, -0.014255, -0.000254, 0.004201
0.000000, -0.004985, -0.000591, -0.039026
0.000000, 0.018163, 0.000517, -0.012331
0.000000, -0.018762, 0.000302, 0.010480
0.000000, -0.003943, 0.000307, -0.024371
0.000000, 0.005782, 0.002084, 0.014656
0.000000, -0.007219, -0.000657, -0.009965
0.000000, 0.015952, -0.005271, -0.002357
0.000000, 0.013276, -0.003015, 0.036310
0.000000, -0.015500, -0.001500, -0.003934
0.000000, -0.001730, -0.000569, -0.013516
0.000000, -0.001344, 0.000065, -0.005537
0.000000, 0.003899, 0.000610, -0.031098
0.000000, -0.003546, 0.001577, -0.043436
0.000000, -0.035963, -0.002350, 0.002962
0.000000, 0.036691, 0.000575, -0.033398
0.000000, 0.010878, 0.000751, -0.004526
0.000000, -0.015324, 0.001290, 0.014532
0.000000, -0.009686, 0.001075, -0.000452
0.000000, 0.020183, -0.001236, 0.033538
0.000000, -0.005382, -0.001207, 0.013898
0.000000, -0.000436, 0.002359, 0.005251
0.000000, -0.026833, 0.002555, 0.009903
0.000000, 0.003072, -0.000048, 0.015716
0.000000, 0.022562, -0.002032, 0.031480
0.000000, 0.002766, 0.013563, 0.011974
0.000000, -0.018272, -0.003635, 0.018987
0.000000, 0.003636, -0.001414, 0.007375
0.000000, -0.023940, -0.001130, -0.031001
0.000000, -0.004334, 0.001914, -0.002440
0.000000, -0.002038, -0.000389, -0.040461
0.000000, 0.022025, -0.000408, 0.003278
0.000000, -0.004049, -0.008329, 0.025892
0.000000, -0.012632, -0.001172, -0.030798
0.000000, 0.012716, -0.000542, -0.018411
0.000000, -0.029216, -0.000228, -0.014556
0.000000, -0.006543, 0.001350, 0.008493
0.000000, -0.001502, 0.000473, -0.006924
0.000000, 0.027026, 0.000077, -0.006034
0.000000, -0.007370, -0.001242, 0.000200
0.000000, -0.010056, 0.001277, -0.008393
0.000000, 0.028198, 0.000326, -0.014210
0.000000, -0.158852, 0.000001, -0.038773
0.000000, 0.007340, -0.001056, 0.012758
0.000000, 0.005120, -0.000770, 0.017874
0.000000, 0.037913, -0.002952, 0.013520
0.000000, 0.010246, -0.000204, 0.025817
0.000000, 0.006687, 0.001550, 0.022564
0.000000, -0.000147, 0.000118, 0.007436
0.000000, -0.009811, 0.000184, 0.003948
0.000000, -0.000983, 0.001166, 0.014933
0.000000, -0.038395, 0.005799, 0.022832
0.000000, -0.017375, 0.001176, -0.001136
0.000000, -0.003010, -0.000002, 0.004983
0.000000, -0.016331, 0.000077, -0.008830
0.000000, 0.011229, -0.001071, 0.035987
0.000000, -0.014548, -0.001465, 0.013294
0.000000, 0.053664, -0.001016, 0.026941
0.000000, 0.034821, -0.001071, 0.007722
0.000000, -0.025446, 0.000231, -0.000666
0.000000, -0.025433, -0.000329, -0.035249
0.000000, -0.009782, 0.000349, -0.002230
0.000000, 0.007673, 0.000082, -0.036845
0.000000, -0.004114, 0.000292, -0.033059
0.000000, -0.014946, 0.003258, -0.019434
0.000000, -0.010848, -0.000305, -0.013791
0.000000, -0.024595, -0.002410, 0.013069
0.000000, 0.045760, -0.003976, 0.017394
0.000000, 0.036022, -0.002351, 0.047436
0.000000, 0.004813, -0.004968, 0.028790
0.000000, 0.003334, -0.000012, -0.041110
0.000000, -0.038189, 0.001986, -0.008461
0.000000, 0.006732, -0.000220, -0.011292
0.000000, -0.013452, 0.000558, -0.020982
0.000000, -0.054600, -0.000927, 0.069186
0.000000, -0.053949, 0.004170, -0.029768
0.000000, -0.057146, 0.001685, 0.009643
0.000000, -0.007653, 0.000816, 0.005525
0.000000, 0.002532, 0.002769, -0.024374
0.000000, 0.027934, -0.002227, -0.013520
0.000000, 0.025466, -0.001346, -0.026999
0.000000, 0.019432, -0.001044, -0.059752
0.000000, 0.015316, -0.002925, 0.031733
0.000000, 0.047348, -0.000884, -0.004207
0.000000, 0.006345, -0.002491, -0.031193
0.000000, 0.022480, -0.000290, 0.006261
0.000000, -0.026130, 0.003224, 0.017046
0.000000, -0.012425, 0.000445, -0.000346
0.000000, -0.005281, 0.001364, 0.038027
0.000000, 0.013783, 0.000029, -0.029241
0.000000, -0.011892, -0.000473, -0.013448
0.000000, -0.015299, 0.000333, 0.013430
0.000000, 0.004037, -0.000178, -0.004086
0.000000, 0.004475, -0.000095, -0.000973
0.000000, 0.014889, 0.000035, -0.000363
0.000000, -0.021483, 0.000430, 0.006833
0.000000, 0.003533, -0.000895, -0.004848
0.000000, 0.011846, -0.003070, 0.022485
0.000000, 0.033477, -0.000195, 0.000798
0.000000, 0.004729, -0.008100, 0.025680
0.000000, 0.019649, 0.000826, -0.000420
0.000000, -0.002180, 0.001458, 0.011762
0.000000, -0.014280, -0.002403, 0.036801
0.000000, 0.028595, 0.000834, 0.011857
0.000000, 0.000792, -0.001101, -0.018108
0.000000, -0.007726, 0.004819, -0.004912
0.000000, 0.005552, 0.002519, 0.021456
0.000000, -0.016328, 0.000759, -0.008585
0.000000, -0.004926, 0.000024, -0.041063
0.000000, -0.012086, 0.001915, 0.000335
0.000000, -0.011733, 0.002878, -0.006340
0.000000, -0.024884, 0.001095, -0.005224
0.000000, -0.013663, -0.000286, 0.007236
0.000000, 0.009229, -0.000107, -0.020115
0.000000, 0.009237, -0.002507, 0.016410
0.000000, 0.020321, -0.002621, 0.014735
0.000000, 0.007104, -0.003014, 0.015873
0.000000, 0.029957, 0.000499, 0.078470
0.000000, -0.011294, 0.001926, 0.026973
0.000000, -0.045763, 0.000159, -0.034942
0.000000, -0.011088, 0.000391, 0.018511
0.000000, -0.044355, 0.002576, 0.011723
0.000000, 0.020281, 0.002023, 0.013026
0.000000, -0.008187, 0.000946, -0.027303
0.000000, -0.028081, 0.003731, -0.022966
0.000000, 0.172869, -0.001124, -0.010152
0.000000, 0.027653, 0.000444, 0.025800
0.000000, -0.001689, -0.000141, -0.037767
0.000000, -0.036452, 0.004265, -0.027351
0.000000, 0.036342, -0.000810, 0.018292
0.000000, -0.007407, 0.000351, -0.035773
0.000000, 0.017249, 0.001586, -0.006375
0.000000, -0.029127, 0.000939, -0.032484
0.000000, 0.010813, -0.002354, -0.009717
0.000000, 0.002290, 0.000059, -0.045714
0.000000, 0.003838, -0.001503, -0.014674
0.000000, 0.006612, 0.000266, -0.012916
0.000000, -0.015533, 0.001623, -0.010513
0.000000, -0.040795, -0.001546, 0.000775
0.000000, -0.023739, 0.002468, -0.012037
0.000000, -0.014404, -0.000564, 0.021223
0.000000, 0.006380, -0.000888, 0.010424
0.000000, 0.005424, 0.000686, 0.023662
0.000000, -0.005562, -0.000732, -0.004074
0.000000, -0.018460, -0.004354, 0.048460
0.000000, 0.009849, -0.007059, 0.038776
0.000000, -0.022026, -0.002480, 0.025827
0.000000, -0.032245, -0.000309, 0.000151
0.000000, -0.006131, -0.002000, 0.084734
0.000000, -0.002977, 0.000171, -0.005688
0.000000, 0.042219, 0.000908, -0.010634
0.000000, 0.012589, 0.001275, 0.018920
0.000000, -0.008228, 0.000897, 0.006461
0.000000, 0.012619, 0.000471, -0.004685
0.000000, 0.022048, -0.001401, -0.013605
0.000000, -0.003125, -0.000858, -0.038718
0.000000, 0.020937, -0.001439, -0.024530
0.000000, 0.006037, -0.001429, 0.039318
0.000000, -0.021371, -0.000261, -0.028984
0.000000, -0.013751, -0.001184, -0.025239
0.000000, -0.017212, 0.000405, -0.048383
0.000000, -0.009640, -0.000162, 0.003444
0.000000, -0.015111, 0.000758, 0.016794
0.000000, -0.027312, 0.000410, -0.002502
0.000000, -0.014980, 0.000742, -0.011593
0.000000, -0.036059, 0.001537, 0.014822
0.000000, 0.039918, -0.000089, 0.029904
0.000000, -0.015094, -0.000052, -0.012093
0.000000, 0.006836, -0.000567, 0.012072
0.000000, 0.012845, 0.000453, 0.008554
0.000000, -0.004636, 0.000361, 0.011899
0.000000, 0.000315, -0.000597, 0.024996
0.000000, 0.010068, -0.002121, 0.005771
0.000000, 0.013745, -0.000695, 0.011140
0.000000, 0.002116, -0.002543, 0.012317
0.000000, -0.008909, 0.000027, -0.007803
0.000000, -0.007074, 0.000481, 0.037041
0.000000, -0.005345, 0.000816, -0.017749
0.000000, -0.000474, 0.000074, -0.024225
0.000000, -0.020136, 0.001182, 0.007343
0.000000, 0.030926, -0.000958, 0.007722
0.000000, 0.015053, 0.000586, -0.000183
0.000000, 0.011459, -0.000258, -0.021596
0.000000, -0.005403, 0.003200, 0.019065
0.000000, -0.006833, 0.002009, -0.000506
0.000000, -0.027269, -0.001958, 0.000430
0.000000, 0.002016, -0.000183, -0.002053
0.000000, 0.010766, -0.000701, -0.007782
0.000000, 0.005598, -0.001214, -0.016480
0.000000, 0.027366, -0.001299, 0.022846
0.000000, -0.023893, 0.000964, -0.008351
0.000000, -0.009530, 0.000289, -0.027187
0.000000, 0.001439, 0.000536, 0.013126
0.000000, 0.013238, 0.001498, -0.005499
0.000000, 0.016832, 0.001221, -0.016899
0.000000, -0.003375, -0.000109, -0.014407
0.000000, -0.019450, 0.000644, -0.018612
0.000000, 0.015049, -0.000647, 0.028870
0.000000, -0.026894, -0.000224, -0.022474
0.000000, -0.000282, -0.000577, 0.002589
0.000000, 0.016854, -0.001357, -0.021348
0.000000, -0.012464, -0.000939, 0.008400
0.000000, 0.007893, -0.000100, -0.013141
0.000000, 0.005095, 0.000098, -0.032160
0.000000, -0.002743, -0.001553, 0.003016
0.000000, 0.012129, -0.007657, 0.024186
0.000000, -0.097628, 0.000049, -0.034471
0.000000, -0.003068, 0.001348, 0.017077
0.000000, -0.016260, 0.001433, 0.032141
0.000000, -0.053075, 0.005434, 0.085040
0.000000, -0.018075, 0.002849, 0.026007
0.000000, -0.113290, 0.005318, 0.025950
0.000000, 0.002532, 0.000126, -0.001555
0.000000, 0.013289, 0.000202, -0.027751
0.000000, 0.005997, -0.001637, 0.003911
0.000000, 0.009464, -0.001438, 0.002180
0.000000, 0.022104, -0.002089, -0.008853
0.000000, 0.003655, -0.001294, -0.017009
0.000000, 0.025772, -0.004255, -0.018893
0.000000, 0.031483, -0.003509, -0.004542
0.000000, 0.035171, -0.000136, -0.047908
0.000000, 0.014818, -0.000610, -0.033726
0.000000, -0.001954, -0.001264, -0.016559
0.000000, 0.010773, 0.003171, -0.007641
0.000000, -0.004298, 0.000437, -0.004575
0.000000, -0.012744, 0.000776, 0.012344
0.000000, -0.003722, -0.001354, 0.024577
0.000000, 0.072368, 0.001024, 0.022230
0.000000, 0.015133, 0.000187, 0.011915
0.000000, 0.014739, -0.001518, 0.028625
0.000000, 0.020119, -0.001344, 0.038853
0.000000, -0.021796, 0.000322, -0.004431
0.000000, -0.003444, -0.000028, -0.004881
0.000000, 0.003340, 0.001351, 0.003634
0.000000, 0.004644, 0.000114, -0.042591
0.000000, -0.011199, -0.000889, -0.019899
0.000000, -0.014625, 0.000368, -0.000974
0.000000, -0.029398, 0.001988, -0.030318
0.000000, 0.030535, -0.004096, 0.008500
0.000000, -0.010044, -0.000453, 0.001013
0.000000, -0.021030, -0.000567, -0.002395
0.000000, -0.004356, -0.000651, -0.003316
0.000000, 0.014542, -0.003204, -0.004813
0.000000, -0.013862, -0.000305, -0.019001
0.000000, 0.001203, 0.000213, -0.013322
0.000000, -0.004265, -0.001257, -0.010624
0.000000, 0.006696, -0.001385, -0.021848
0.000000, 0.006067, 0.000218, -0.013637
0.000000, 0.017139, -0.000827, 0.022906
0.000000, -0.012339, 0.003019, 0.000202
0.000000, -0.007677, 0.004185, 0.014259
0.000000, -0.017497, -0.001241, 0.032396
0.000000, 0.003903, 0.002243, 0.020864
0.000000, -0.028772, -0.001260, 0.010364
0.000000, -0.003376, 0.000123, 0.001080
0.000000, 0.001306, 0.006071, 0.022302
0.000000, 0.003141, -0.000740, -0.020466
0.000000, -0.006285, 0.001337, 0.008229
0.000000, 0.049374, 0.000931, 0.002746
0.000000, 0.022635, -0.001320, 0.006259
0.000000, 0.016213, 0.002452, 0.020334
0.000000, -0.017078, -0.002287, 0.005308
0.000000, 0.019999, 0.001238, 0.001442
0.000000, 0.003205, -0.000529, -0.022408
0.000000, 0.007677, 0.000900, 0.011922
0.000000, -0.013351, 0.002504, -0.012485
0.000000, -0.004499, -0.002801, -0.014210
0.000000, 0.006786, -0.001841, -0.016393
0.000000, 0.017664, -0.000950, 0.027704
0.000000, 0.015089, -0.004393, 0.101345
0.000000, 0.013418, -0.002127, 0.027425
0.000000, -0.014994, 0.004087, 0.020854
0.000000, 0.020471, -0.002306, -0.018956
0.000000, 0.008304, -0.001436, 0.022585
0.000000, 0.009643, -0.001517, 0.002483
0.000000, -0.007630, 0.002458, -0.014394
0.000000, -0.068801, 0.005215, 0.011582
0.000000, 0.000314, 0.003328, -0.006590
0.000000, 0.010476, -0.002150, -0.006416
0.000000, 0.021741, 0.002870, -0.029466
0.000000, -0.008848, 0.002819, -0.043111
0.000000, -0.095500, -0.005739, -0.054173
0.000000, -0.018547, -0.000507, -0.050917
0.000000, -0.000653, 0.001754, -0.032705
0.000000, -0.013199, 0.001884, -0.003103
0.000000, -0.002380, 0.004212, -0.003568
0.000000, -0.012031, 0.000672, -0.001454
0.000000, 0.008097, -0.000943, 0.012855
0.000000, 0.021532, -0.002260, -0.003491
0.000000, 0.024130, 0.000153, 0.086690
0.000000, 0.010624, -0.000268, 0.005156
0.000000, -0.013296, -0.000564, 0.007221
0.000000, -0.010537, 0.000172, 0.013574
0.000000, -0.009640, -0.000865, -0.018098
0.000000, 0.013840, -0.002359, 0.010046
0.000000, 0.000038, 0.002394, 0.025665
0.000000, 0.028802, 0.001366, 0.015086
0.000000, -0.008709, 0.001131, 0.006005
0.000000, -0.000042, 0.001871, 0.012683
0.000000, -0.108838, -0.003609, -0.018134
0.000000, 0.003037, -0.001350, -0.030721
0.000000, 0.012115, 0.001726, -0.001914
0.000000, 0.036859, 0.000580, 0.002891
0.000000, -0.011202, 0.001201, -0.003490
0.000000, 0.050243, 0.000248, 0.032817
0.000000, -0.009544, -0.000164, -0.010061
0.000000, 0.014650, -0.001589, -0.022981
0.000000, 0.001696, 0.000243, -0.009742
0.000000, -0.006151, -0.002261, -0.008468
0.000000, -0.007573, -0.000109, -0.014468
0.000000, -0.002949, 0.001019, -0.001463
0.000000, -0.016816, -0.000136, 0.012622
0.000000, 0.001376, 0.001972, 0.012686
0.000000, 0.004351, 0.000351, -0.021468
0.000000, 0.016622, 0.000400, 0.010674
0.000000, 0.004899, -0.001690, -0.009474
0.000000, 0.002386, -0.000843, 0.015325
0.000000, 0.008126, -0.001275, 0.008447
0.000000, 0.008356, -0.000170, -0.005494
0.000000, -0.006185, -0.000971, -0.005228
0.000000, -0.009008, -0.000292, 0.009869
0.000000, -0.002705, -0.001401, -0.000766
0.000000, -0.015118, -0.001381, 0.015729
0.000000, 0.015609, 0.001417, -0.001715
0.000000, 0.026324, -0.001825, -0.005513
0.000000, -0.007303, -0.001348, -0.023087
0.000000, 0.004944, -0.006044, 0.043832
0.000000, -0.000044, -0.007057, 0.008309
0.000000, 0.018476, 0.003181, 0.021398
0.000000, 0.026596, -0.000569, 0.016737
0.000000, -0.012920, -0.005482, -0.002041
0.000000, -0.001985, -0.003159, -0.001002
0.000000, 0.009993, -0.005590, 0.002298
0.000000, 0.033189, -0.004371, 0.013266
0.000000, 0.013347, -0.003811, 0.024724
0.000000, 0.006963, -0.010097, 0.007326
0.000000, -0.010675, 0.010712, -0.011647
0.000000, -0.023876, -0.007208, -0.011235
0.000000, 0.003075, -0.003699, -0.004881
0.000000, -0.004197, 0.012543, 0.004475
0.000000, 0.026150, -0.002876, 0.005652
0.000000, 0.013280, -0.005763, -0.000851
0.000000, -0.026338, 0.010908, -0.011365
0.000000, -0.019798, 0.005521, -0.033080
0.000000, 0.024204, -0.007278, -0.010337
0.000000, -0.016217, 0.005452, -0.051150
0.000000, -0.005337, 0.005659, -0.022590
0.000000, -0.038920, -0.001669, 0.011673
0.000000, -0.022159, -0.003519, 0.002094
0.000000, -0.031706, -0.004556, 0.001585
0.000000, -0.033236, 0.000361, -0.000431
0.000000, -0.010167, 0.003614, 0.024829
0.000000, -0.012953, 0.003957, -0.005306
0.000000, 0.006142, 0.008218, 0.003904
0.000000, -0.017467, 0.013615, 0.004450
0.000000, 0.000860, -0.001013, -0.008203
0.000000, -0.002288, 0.003164, 0.004941
0.000000, -0.008580, 0.000373, -0.010158
0.000000, -0.001062, 0.003797, 0.018940
0.000000, 0.037956, -0.005890, 0.003379
0.000000, 0.002393, 0.002196, -0.019126
0.000000, -0.001221, -0.000353, -0.023052
0.000000, 0.045197, -0.001451, 0.012473
0.000000, -0.014643, 0.000304, 0.013036
0.000000, 0.018915, 0.003636, 0.029581
0.000000, 0.020838, -0.002917, -0.003226
0.000000, -0.000641, -0.002746, -0.007283
0.000000, -0.003596, -0.009466, -0.000129
0.000000, -0.008492, -0.003700, -0.047854
0.000000, -0.007984, 0.002269, -0.022352
0.000000, 0.006377, 0.001037, -0.040712
0.000000, -0.029866, -0.005502, 0.023264
0.000000, 0.043294, -0.007885, 0.008869
0.000000, -0.025445, 0.005825, 0.026353
0.000000, -0.041884, 0.001133, 0.013207
0.000000, -0.006493, 0.001223, 0.003272
0.000000, -0.020801, -0.002091, -0.008691
0.000000, -0.006082, 0.004138, -0.011152
0.000000, -0.003334, -0.011184, -0.004684
0.000000, 0.019666, 0.003597, -0.001243
0.000000, 0.015209, -0.000647, 0.047004
0.000000, 0.015868, 0.004374, 0.024915
0.000000, -0.000685, 0.003171, -0.010014
0.000000, 0.045385, 0.009291, 0.019096
0.000000, 0.022468, 0.005427, 0.004470
0.000000, 0.017118, 0.003013, 0.023213
0.000000, -0.003704, 0.003182, -0.010591
0.000000, -0.015577, 0.000305, -0.020323
0.000000, -0.047184, 0.002225, 0.018272
0.000000, 0.016722, 0.002699, -0.017837
0.000000, 0.014166, -0.002494, -0.042200
0.000000, 0.015263, -0.003712, 0.036739
0.000000, 0.014127, 0.001874, -0.025926
0.000000, 0.001163, -0.000312, -0.008248
0.000000, 0.015869, -0.001625, 0.035106
0.000000, 0.002147, 0.000725, -0.004277
0.000000, -0.012209, -0.006212, -0.038094
0.000000, -0.038848, -0.005614, 0.001425
0.000000, 0.021563, -0.008449, 0.003640
0.000000, -0.004303, -0.003085, -0.034601
0.000000, -0.024660, 0.004605, -0.021950
0.000000, 0.030692, 0.003215, -0.009723
0.000000, 0.011010, -0.000278, -0.016760
0.000000, -0.024872, 0.007694, -0.007242
0.000000, -0.020002, 0.002694, 0.006695
0.000000, 0.004071, 0.002721, 0.003599
0.000000, 0.028265, -0.012845, 0.042061
0.000000, 0.015881, -0.007937, 0.027219
0.000000, 0.001606, -0.000039, 0.031596
0.000000, 0.014625, 0.000403, 0.040039
0.000000, -0.000632, -0.000402, 0.011749
0.000000, -0.016961, 0.003205, -0.005119
0.000000, -0.028448, 0.002943, -0.042394
0.000000, -0.020239, -0.001305, -0.006376
0.000000, -0.013866, 0.000608, 0.023953
0.000000, -0.013058, -0.001218, 0.014488
0.000000, 0.003863, 0.001654, 0.008055
0.000000, 0.006698, -0.000112, -0.026762
0.000000, -0.001616, -0.002418, 0.003273
0.000000, -0.002292, 0.002646, 0.004673
0.000000, 0.015316, 0.003311, -0.009947
0.000000, 0.016429, -0.000858, 0.023909
0.000000, 0.027985, -0.000777, 0.010454
0.000000, 0.000126, 0.004168, 0.039726
0.000000, 0.029361, -0.000368, 0.012681
0.000000, 0.003840, -0.001545, -0.025540
0.000000, -0.020049, -0.005011, 0.011936
0.000000, 0.022525, -0.005884, 0.026456
0.000000, -0.507242, -0.010015, -0.026804
0.000000, 0.024777, 0.000372, 0.017602
0.000000, -0.028127, 0.000807, 0.000769
0.000000, -0.085950, -0.015637, -0.017634
0.000000, 0.012126, 0.004175, -0.009968
0.000000, 0.007405, 0.005465, -0.004316
0.000000, 0.035379, 0.002985, -0.005187
0.000000, 0.028007, 0.011735, 0.009906
0.000000, 0.075614, 0.001152, 0.021318
0.000000, 0.022542, 0.010588, 0.010068
0.000000, -0.081977, 0.005360, -0.011028
0.000000, -0.013763, -0.003218, 0.044091
0.000000, 0.002976, -0.000612, -0.010085
0.000000, -0.005239, -0.000953, -0.006291
0.000000, -0.040464, -0.006470, -0.000239
0.000000, 0.009644, -0.006058, -0.002935
0.000000, -0.028036, -0.009124, 0.017354
0.000000, 0.039904, -0.001156, -0.004179
0.000000, -0.004302, -0.000779, -0.024887
0.000000, -0.000794, -0.007078, 0.019743
0.000000, 0.006065, -0.009317, -0.033033
0.000000, -0.002792, -0.007742, -0.032932
0.000000, 0.041706, -0.005068, 0.019503
0.000000, 0.079855, -0.010787, 0.039118
0.000000, 0.048022, -0.002439, -0.028199
0.000000, 0.070155, -0.015411, -0.010693
0.000000, -0.028855, -0.006172, -0.019451
0.000000, 0.007087, -0.013362, 0.004867
0.000000, -0.051636, -0.008227, -0.012670
0.000000, 0.026754, -0.028092, -0.004247
0.000000, -0.006376, 0.008088, -0.012562
0.000000, 0.001917, 0.010939, -0.008555
0.000000, 0.002995, 0.026192, 0.002373
0.000000, -0.008684, 0.020036, -0.041153
0.000000, 0.001565, 0.012216, 0.014460
0.000000, 0.014655, 0.029888, 0.009726
0.000000, 0.043767, -0.007471, 0.013452
0.000000, -0.003275, 0.017699, 0.003387
0.000000, -0.022956, 0.011891, 0.003132
0.000000, 0.000499, 0.016301, -0.029454
0.000000, -0.009305, 0.007263, 0.028610
0.000000, 0.035160, 0.019271, 0.008961
0.000000, 0.018472, 0.011618, 0.022021
0.000000, -0.021669, 0.003434, 0.020338
0.000000, -0.061386, 0.003271, 0.002964
0.000000, -0.008813, 0.003660, 0.012426
0.000000, -0.003950, 0.000549, -0.004840
0.000000, 0.024434, -0.005822, 0.035257
0.000000, -0.019375, 0.004428, -0.026263
0.000000, -0.016179, -0.000727, -0.048023
0.000000, -0.003935, 0.003248, -0.010983
0.000000, -0.084395, -0.002344, -0.021756
0.000000, -0.011114, 0.000754, 0.003197
0.000000, -0.011405, -0.001162, -0.013407
0.000000, 0.026585, -0.000572, 0.002711
0.000000, -0.002783, -0.001440, 0.001585
0.000000, 0.011554, -0.002107, -0.019989
0.000000, -0.018481, 0.001013, -0.046670
0.000000, 0.028677, 0.004379, 0.030226
0.000000, 0.012256, 0.000527, 0.025186
0.000000, -0.036903, 0.004602, 0.020308
0.000000, -0.025242, 0.001451, 0.019122
0.000000, -0.018513, 0.001144, 0.001241
0.000000, -0.021859, 0.001665, 0.005331
0.000000, 0.012400, -0.000120, 0.032733
0.000000, 0.022638, -0.000032, -0.022527
0.000000, 0.025003, -0.003269, 0.050567
0.000000, 0.013405, 0.000000, 0.022968
0.000000, -0.002082, -0.001787, 0.012543
0.000000, 0.015171, 0.000065, -0.019035
0.000000, -0.006092, 0.000000, 0.001880
0.000000, 0.002653, -0.000042, -0.018513
0.000000, -0.026218, 0.000000, 0.009579
0.000000, -0.006585, 0.000270, -0.006746
0.000000, 0.005568, -0.000093, -0.023960
0.000000, -0.014523, 0.000000, 0.042390
0.000000, -0.022626, 0.000000, -0.004978
0.000000, -0.007820, 0.000033, -0.013132
0.000000, 0.030547, -0.000179, 0.000830
0.000000, 0.021884, 0.000000, -0.015595
0.000000, -0.006383, 0.000000, 0.017070
0.000000, -0.211692, 0.000000, -0.058050
0.000000, 0.014915, 0.000000, 0.005207
0.000000, 0.016506, 0.000000, 0.020606
0.000000, -0.003033, 0.000000, -0.014567
0.000000, -0.019077, 0.000000, -0.004788
0.000000, -0.006012, 0.000000, 0.040823
0.000000, -0.020966, 0.000000, 0.022750
0.000000, 0.024176, 0.000000, 0.005721
0.000000, -0.004028, 0.001032, -0.008422
0.000000, 0.003578, 0.000146, 0.006083
0.000000, 0.016770, -0.000027, 0.010973
0.000000, 0.018946, -0.000055, -0.006906
0.000000, 0.022481, 0.000008, -0.006195
0.000000, 0.010676, 0.000337, -0.025330
0.000000, 0.025751, 0.000000, 0.009050
0.000000, 0.000478, -0.000021, -0.016445
0.000000, -0.005018, -0.000020, 0.018608
0.000000, 0.004772, -0.000031, -0.003638
0.000000, 0.009371, -0.000248, -0.014998
0.000000, 0.010225, 0.000000, 0.007100
0.000000, 0.009311, 0.000000, 0.000744
0.000000, 0.012942, 0.000000, 0.023259
0.000000, -0.022811, -0.000020, -0.005029
0.000000, 0.001905, 0.000000, -0.020206
0.000000, 0.001507, 0.000000, -0.033723
0.000000, 0.019436, -0.000049, 0.034241
0.000000, 0.016858, 0.000000, 0.024458
0.000000, 0.007454, 0.000000, -0.019460
0.000000, 0.005448, -0.000052, -0.027597
0.000000, -0.005256, -0.000008, -0.004981
0.000000, -0.025480, -0.000189, 0.005162
0.000000, 0.002407, 0.000016, -0.008831
0.000000, 0.036395, 0.000000, 0.028224
0.000000, 0.005757, 0.000000, -0.009956
0.000000, 0.000993, -0.000009, -0.008844
0.000000, -0.001822, 0.000000, -0.000860
0.000000, 0.008489, -0.000072, 0.015925
0.000000, -0.011251, 0.000000, 0.004706
0.000000, -0.018252, 0.000000, -0.009683
0.000000, 0.011012, 0.000000, -0.000428
0.000000, 0.011312, 0.000000, 0.008448
0.000000, -0.008269, 0.000000, -0.017766
0.000000, -0.033783, -0.000006, -0.005990
0.000000, 0.001814, 0.000000, -0.011709
0.000000, 0.004841, 0.000000, -0.005517
0.000000, 0.015475, 0.000000, 0.004079
0.000000, 0.005286, 0.000000, 0.011458
0.000000, 0.017486, 0.000390, 0.002777
0.000000, -0.008003, 0.000000, 0.010274
0.000000, 0.010496, 0.000012, -0.028596
0.000000, 0.044847, 0.000000, -0.000340
0.000000, 0.018694, 0.000000, 0.011684
0.000000, -0.004313, 0.000000, -0.002235
0.000000, 0.002932, 0.000000, 0.005320
0.000000, 0.010432, -0.000012, 0.005871
0.000000, -0.007166, 0.000000, -0.035776
0.000000, -0.011843, 0.000000, 0.006874
0.000000, 0.031283, 0.000000, 0.005444
0.000000, -0.006511, 0.000000, -0.012614
0.000000, -0.000217, 0.000000, -0.010612
0.000000, -0.003054, 0.000000, -0.001374
0.000000, -0.032607, 0.000000, -0.015803
0.000000, 0.004468, 0.000213, 0.034622
0.000000, 0.003821, -0.001161, 0.012689
0.000000, -0.010529, 0.000000, 0.008131
0.000000, -0.033820, 0.000000, -0.010129
0.000000, -0.023020, 0.000000, 0.000373
0.000000, 0.039056, 0.000000, 0.012337
