epoch,batch,loss,duration
1, 1, 0.743840, 4.055202
1, 2, 0.763503, 1.850240
1, 3, 0.725250, 2.108761
1, 4, 0.765825, 1.292644
1, 5, 0.689565, 2.081009
1, 6, 0.681414, 2.172538
1, 7, 0.663939, 2.944941
1, 8, 0.685324, 2.988818
1, 9, 0.669540, 4.572146
1, 10, 0.662836, 2.966089
1, 11, 0.668819, 4.405242
1, 12, 0.677758, 2.833633
1, 13, 0.660676, 5.452941
1, 14, 0.667817, 2.147350
1, 15, 0.675543, 3.482779
1, 16, 0.637695, 2.477948
1, 17, 0.647776, 1.372406
1, 18, 0.645199, 1.922514
1, 19, 0.669681, 1.500393
1, 20, 0.643813, 1.833634
1, 21, 0.652887, 1.670735
1, 22, 0.628102, 1.804461
1, 23, 0.634859, 1.389354
1, 24, 0.599973, 1.030071
1, 25, 0.642825, 1.952786
1, 26, 0.650256, 2.017150
1, 27, 0.643763, 2.649944
1, 28, 0.630994, 2.449658
1, 29, 0.622693, 0.897336
1, 30, 0.652734, 3.493845
1, 31, 0.622441, 1.835331
1, 32, 0.600526, 1.583980
1, 33, 0.652045, 2.770987
1, 34, 0.685466, 5.057408
1, 35, 0.644110, 2.669243
1, 36, 0.633825, 1.787346
1, 37, 0.598765, 1.458912
1, 38, 0.638172, 2.963927
1, 39, 0.664003, 2.667045
1, 40, 0.660006, 1.266148
1, 41, 0.601015, 1.501551
1, 42, 0.586253, 1.663421
1, 43, 0.637802, 3.193729
1, 44, 0.627897, 3.041647
1, 45, 0.599819, 2.291597
1, 46, 0.666722, 2.799566
1, 47, 0.629843, 4.698364
1, 48, 0.613178, 1.703028
1, 49, 0.618905, 2.937723
1, 50, 0.615693, 2.281751
1, 51, 0.631826, 3.612043
1, 52, 0.614941, 0.866431
1, 53, 0.630951, 2.866449
1, 54, 0.607360, 1.360952
1, 55, 0.655598, 3.307653
1, 56, 0.643673, 2.001562
1, 57, 0.627263, 2.805025
1, 58, 0.674523, 3.830391
1, 59, 0.606980, 2.470490
1, 60, 0.589908, 1.273654
1, 61, 0.598218, 1.121545
1, 62, 0.623874, 2.728337
1, 63, 0.593437, 1.447154
1, 64, 0.635513, 3.175337
1, 65, 0.649807, 4.033610
1, 66, 0.629880, 3.374916
1, 67, 0.643225, 2.869378
1, 68, 0.614231, 2.478706
1, 69, 0.598083, 2.667393
1, 70, 0.593035, 2.466893
1, 71, 0.620328, 4.124934
1, 72, 0.622007, 2.017909
1, 73, 0.591333, 2.560038
1, 74, 0.651232, 2.375165
1, 75, 0.570045, 2.089080
1, 76, 0.652610, 3.034716
1, 77, 0.771833, 3.763617
1, 78, 0.605017, 2.470074
1, 79, 0.621320, 1.419750
1, 80, 0.632820, 2.718680
2, 1, 0.629567, 2.635617
2, 2, 0.610638, 2.964577
2, 3, 0.633081, 2.769495
2, 4, 0.603429, 3.041788
2, 5, 0.597670, 0.867379
2, 6, 0.573352, 1.662177
2, 7, 0.613304, 2.147740
2, 8, 0.560120, 0.883230
2, 9, 0.762336, 3.947211
2, 10, 0.590186, 2.530303
2, 11, 0.587433, 1.813019
2, 12, 0.688654, 4.589179
2, 13, 0.586966, 1.265160
2, 14, 0.624993, 2.004667
2, 15, 0.678432, 4.739206
2, 16, 0.599363, 1.495865
2, 17, 0.637887, 1.435296
2, 18, 0.568042, 1.489153
2, 19, 0.615232, 3.255928
2, 20, 0.650646, 2.983536
2, 21, 0.620050, 3.557676
2, 22, 0.577347, 2.268442
2, 23, 0.617390, 3.180488
2, 24, 0.599098, 2.786707
2, 25, 0.611922, 3.086045
2, 26, 0.577427, 2.882424
2, 27, 0.633068, 1.378418
2, 28, 0.613052, 2.023007
2, 29, 0.580607, 1.265397
2, 30, 0.607172, 2.720776
2, 31, 0.590916, 1.353365
2, 32, 0.671593, 4.418445
2, 33, 0.588652, 1.267872
2, 34, 0.635517, 2.363548
2, 35, 0.630831, 5.105478
2, 36, 0.634559, 3.507139
2, 37, 0.548484, 2.074259
2, 38, 0.565529, 2.629386
2, 39, 0.586404, 2.453596
2, 40, 0.602661, 2.988695
2, 41, 0.556723, 2.666859
2, 42, 0.605493, 1.943460
2, 43, 0.580808, 2.448285
2, 44, 0.615656, 2.859922
2, 45, 0.590645, 2.450153
2, 46, 0.569757, 1.260335
2, 47, 0.586070, 2.906862
2, 48, 0.554852, 2.450083
2, 49, 0.608142, 3.202436
2, 50, 0.607113, 2.286025
2, 51, 0.607706, 4.191511
2, 52, 0.663965, 3.772283
2, 53, 0.540911, 1.581471
2, 54, 0.557260, 1.317772
2, 55, 0.573116, 5.664574
2, 56, 0.632990, 3.075258
2, 57, 0.561864, 1.823200
2, 58, 0.600273, 2.669949
2, 59, 0.573396, 1.011144
2, 60, 0.538932, 1.576543
2, 61, 0.557855, 1.444592
2, 62, 0.557980, 3.525756
2, 63, 0.574526, 2.477290
2, 64, 0.580861, 2.289094
2, 65, 0.612679, 4.018276
2, 66, 0.535597, 1.130295
2, 67, 0.597898, 2.939622
2, 68, 0.535770, 1.501251
2, 69, 0.681640, 2.457546
2, 70, 0.581814, 1.819781
2, 71, 0.710002, 3.862150
2, 72, 0.539738, 1.900376
2, 73, 0.632015, 2.862312
2, 74, 0.545829, 1.437006
2, 75, 0.624496, 2.813244
2, 76, 0.597000, 1.767741
2, 77, 0.604129, 2.009981
2, 78, 0.631614, 2.988894
2, 79, 0.561668, 2.191054
2, 80, 0.628895, 2.140623
3, 1, 0.622490, 2.291001
3, 2, 0.612192, 1.940757
3, 3, 0.602521, 1.707323
3, 4, 0.742813, 4.274304
3, 5, 0.550737, 1.736975
3, 6, 0.585135, 2.007024
3, 7, 0.560293, 1.912359
3, 8, 0.598039, 1.440133
3, 9, 0.649161, 2.664810
3, 10, 0.553080, 1.430695
3, 11, 0.588418, 2.896611
3, 12, 0.627400, 3.504680
3, 13, 0.607278, 2.869970
3, 14, 0.601371, 2.445457
3, 15, 0.647848, 3.022763
3, 16, 0.626246, 2.796143
3, 17, 0.590766, 4.698843
3, 18, 0.538603, 2.063637
3, 19, 0.616687, 1.271421
3, 20, 0.605534, 2.154961
3, 21, 0.612516, 3.836608
3, 22, 0.566144, 2.402096
3, 23, 0.598648, 2.667601
3, 24, 0.596900, 3.163480
3, 25, 0.545779, 1.562003
3, 26, 0.575737, 1.352889
3, 27, 0.581902, 2.954992
3, 28, 0.586043, 3.092829
3, 29, 0.575770, 2.781849
3, 30, 0.467416, 1.008994
3, 31, 0.558142, 2.463525
3, 32, 0.586289, 3.225553
3, 33, 0.586005, 4.038349
3, 34, 0.585185, 2.801808
3, 35, 0.577092, 1.866033
3, 36, 0.565078, 2.481357
3, 37, 0.563930, 1.258319
3, 38, 0.620508, 2.828825
3, 39, 0.607651, 3.588386
3, 40, 0.563835, 2.427807
3, 41, 0.578582, 2.468357
3, 42, 0.567755, 2.631731
3, 43, 0.508717, 1.119347
3, 44, 0.585885, 2.113915
3, 45, 0.584343, 3.512858
3, 46, 0.565116, 3.043234
3, 47, 0.568212, 2.466583
3, 48, 0.570820, 3.861219
3, 49, 0.537236, 1.427431
3, 50, 0.562312, 4.613244
3, 51, 0.557989, 2.682984
3, 52, 0.575308, 2.002470
3, 53, 0.553781, 2.535287
3, 54, 0.533272, 1.495882
3, 55, 0.516047, 1.548520
3, 56, 0.538125, 2.458623
3, 57, 0.521743, 1.321749
3, 58, 0.553038, 2.806435
3, 59, 0.547380, 1.596851
3, 60, 0.562713, 4.827366
3, 61, 0.530785, 1.296951
3, 62, 0.513033, 1.381936
3, 63, 0.494975, 0.867248
3, 64, 0.573588, 5.095115
3, 65, 0.558170, 5.433139
3, 66, 0.545202, 1.849334
3, 67, 0.579229, 4.137123
3, 68, 0.556390, 2.073655
3, 69, 0.520145, 1.283729
3, 70, 0.570597, 2.362555
3, 71, 0.594071, 2.963738
3, 72, 0.585271, 2.980547
3, 73, 0.556477, 1.817509
3, 74, 0.442023, 0.871143
3, 75, 0.531301, 3.188752
3, 76, 0.533643, 1.987152
3, 77, 0.579720, 2.790900
3, 78, 0.548701, 1.482927
3, 79, 0.573829, 2.356783
3, 80, 0.521765, 2.078126
4, 1, 0.551939, 3.051219
4, 2, 0.544200, 1.809827
4, 3, 0.556359, 3.240556
4, 4, 0.518707, 1.264357
4, 5, 0.602934, 3.705237
4, 6, 0.524354, 2.821832
4, 7, 0.582078, 3.204148
4, 8, 0.596568, 2.912918
4, 9, 0.540925, 2.547780
4, 10, 0.563629, 2.994372
4, 11, 0.435912, 0.871213
4, 12, 0.543192, 2.707261
4, 13, 0.567136, 1.925651
4, 14, 0.537834, 2.288855
4, 15, 0.557277, 4.047414
4, 16, 0.582823, 3.512792
4, 17, 0.554505, 2.454130
4, 18, 0.551305, 2.657273
4, 19, 0.523453, 1.988684
4, 20, 0.513229, 1.365894
4, 21, 0.531693, 1.809570
4, 22, 0.515474, 1.447242
4, 23, 0.549844, 3.859133
4, 24, 0.580441, 2.771785
4, 25, 0.547260, 2.002396
4, 26, 0.567254, 2.947922
4, 27, 0.570330, 3.459469
4, 28, 0.554389, 1.427805
4, 29, 0.543305, 2.897957
4, 30, 0.483722, 1.573481
4, 31, 0.547714, 6.103577
4, 32, 0.540075, 2.851121
4, 33, 0.564791, 2.114863
4, 34, 0.541417, 2.813086
4, 35, 0.525536, 1.899869
4, 36, 0.558870, 5.076623
4, 37, 0.502023, 2.107424
4, 38, 0.552898, 4.397688
4, 39, 0.404264, 1.026238
4, 40, 0.574557, 2.351707
4, 41, 0.544767, 4.580113
4, 42, 0.571266, 2.827678
4, 43, 0.479412, 1.490354
4, 44, 0.495937, 1.278237
4, 45, 0.562495, 2.363587
4, 46, 0.541116, 2.957049
4, 47, 0.520262, 2.458103
4, 48, 0.566889, 2.859134
4, 49, 0.487031, 1.483141
4, 50, 0.492533, 1.667319
4, 51, 0.528767, 1.818158
4, 52, 0.532508, 1.255260
4, 53, 0.578137, 3.842843
4, 54, 0.555722, 4.722185
4, 55, 0.526721, 3.179809
4, 56, 0.510111, 2.463098
4, 57, 0.490271, 1.372019
4, 58, 0.559094, 2.462017
4, 59, 0.522518, 2.669359
4, 60, 0.488414, 1.311712
4, 61, 0.539325, 2.554638
4, 62, 0.446564, 1.286794
4, 63, 0.580960, 3.246541
4, 64, 0.540281, 1.478143
4, 65, 0.539491, 2.453993
4, 66, 0.619378, 3.766846
4, 67, 0.541659, 2.154197
4, 68, 0.551571, 2.085101
4, 69, 0.434751, 0.857121
4, 70, 0.489163, 1.439842
4, 71, 0.596105, 2.668285
4, 72, 0.555945, 2.008174
4, 73, 0.510731, 1.273817
4, 74, 0.574935, 4.121242
4, 75, 0.546046, 1.590888
4, 76, 0.492557, 1.570686
4, 77, 0.582481, 3.181731
4, 78, 0.488844, 2.044797
4, 79, 0.522349, 2.293425
4, 80, 0.572209, 2.973887
5, 1, 0.517002, 1.441423
5, 2, 0.533592, 1.487022
5, 3, 0.529208, 2.299234
5, 4, 0.552376, 2.455714
5, 5, 0.567123, 3.783801
5, 6, 0.544349, 2.880755
5, 7, 0.522752, 2.478101
5, 8, 0.570404, 2.805931
5, 9, 0.581015, 3.796743
5, 10, 0.548094, 2.403455
5, 11, 0.546784, 4.189653
5, 12, 0.563094, 1.385475
5, 13, 0.527199, 1.265690
5, 14, 0.545442, 1.269409
5, 15, 0.570215, 2.989508
5, 16, 0.513103, 2.003015
5, 17, 0.486135, 1.427226
5, 18, 0.479280, 1.485590
5, 19, 0.555328, 1.933631
5, 20, 0.571559, 3.155928
5, 21, 0.507532, 2.473106
5, 22, 0.555585, 3.038636
5, 23, 0.535133, 2.005473
5, 24, 0.554597, 3.517879
5, 25, 0.573831, 4.413389
5, 26, 0.532697, 2.444924
5, 27, 0.521041, 1.819708
5, 28, 0.401822, 0.872998
5, 29, 0.484751, 1.486673
5, 30, 0.603669, 2.846514
5, 31, 0.503471, 1.362691
5, 32, 0.590521, 3.838257
5, 33, 0.455462, 0.863646
5, 34, 0.560845, 2.122801
5, 35, 0.542795, 2.722732
5, 36, 0.515724, 3.286167
5, 37, 0.480801, 1.802247
5, 38, 0.552866, 2.384429
5, 39, 0.596008, 3.848684
5, 40, 0.556472, 1.432151
5, 41, 0.557636, 2.806503
5, 42, 0.456907, 1.097197
5, 43, 0.526863, 1.820540
5, 44, 0.540988, 2.955835
5, 45, 0.527409, 2.156519
5, 46, 0.514852, 2.467904
5, 47, 0.528429, 2.653750
5, 48, 0.568431, 2.010270
5, 49, 0.569291, 2.651261
5, 50, 0.517754, 1.609686
5, 51, 0.560037, 5.462960
5, 52, 0.542777, 2.680802
5, 53, 0.566244, 2.349961
5, 54, 0.469090, 1.309825
5, 55, 0.572820, 5.088222
5, 56, 0.560821, 2.387233
5, 57, 0.381381, 1.007647
5, 58, 0.556593, 4.025124
5, 59, 0.516015, 2.291785
5, 60, 0.467448, 1.375428
5, 61, 0.526517, 2.456192
5, 62, 0.485823, 1.660287
5, 63, 0.544251, 2.997377
5, 64, 0.468960, 2.049431
5, 65, 0.545458, 3.217918
5, 66, 0.539968, 2.609801
5, 67, 0.574702, 2.962801
5, 68, 0.544865, 3.060199
5, 69, 0.510201, 2.181548
5, 70, 0.540328, 4.685863
5, 71, 0.556626, 4.723302
5, 72, 0.522176, 1.787560
5, 73, 0.568190, 2.767395
5, 74, 0.550958, 2.467333
5, 75, 0.465400, 1.260087
5, 76, 0.572362, 4.133315
5, 77, 0.474882, 1.546524
5, 78, 0.557398, 2.850713
5, 79, 0.549353, 2.922953
5, 80, 0.509553, 2.552614
6, 1, 0.515670, 2.465211
6, 2, 0.534681, 2.626191
6, 3, 0.541986, 2.814562
6, 4, 0.498638, 2.078007
6, 5, 0.476645, 1.494637
6, 6, 0.559394, 2.816424
6, 7, 0.548949, 2.447500
6, 8, 0.542333, 2.668438
6, 9, 0.514057, 1.776312
6, 10, 0.503823, 2.475198
6, 11, 0.513406, 1.488228
6, 12, 0.539977, 2.454645
6, 13, 0.560064, 5.652856
6, 14, 0.534744, 2.025787
6, 15, 0.514308, 2.651732
6, 16, 0.509259, 1.432621
6, 17, 0.561761, 3.848658
6, 18, 0.543450, 5.416764
6, 19, 0.511826, 2.299910
6, 20, 0.543637, 2.801657
6, 21, 0.498984, 1.262347
6, 22, 0.510761, 2.576550
6, 23, 0.523636, 2.848604
6, 24, 0.553451, 2.935775
6, 25, 0.572862, 2.360201
6, 26, 0.494587, 1.273815
6, 27, 0.537864, 4.395043
6, 28, 0.539140, 3.878378
6, 29, 0.482704, 1.554917
6, 30, 0.570715, 3.501367
6, 31, 0.555930, 4.035142
6, 32, 0.552031, 2.857016
6, 33, 0.525249, 2.451377
6, 34, 0.532974, 2.894546
6, 35, 0.524304, 2.025638
6, 36, 0.463042, 1.718224
6, 37, 0.559684, 5.242149
6, 38, 0.546050, 1.431690
6, 39, 0.536313, 3.050158
6, 40, 0.544421, 3.240183
6, 41, 0.530212, 2.950901
6, 42, 0.512979, 2.462833
6, 43, 0.494344, 1.354435
6, 44, 0.469177, 1.579500
6, 45, 0.453150, 1.113622
6, 46, 0.385693, 0.865897
6, 47, 0.537370, 4.560550
6, 48, 0.570720, 2.783983
6, 49, 0.473175, 2.052920
6, 50, 0.574126, 2.962313
6, 51, 0.466206, 1.366932
6, 52, 0.492868, 1.662316
6, 53, 0.528936, 1.261441
6, 54, 0.362903, 1.019103
6, 55, 0.584499, 2.354280
6, 56, 0.567230, 2.989544
6, 57, 0.570812, 2.664991
6, 58, 0.517681, 2.277322
6, 59, 0.548030, 3.019790
6, 60, 0.510897, 1.908420
6, 61, 0.577882, 2.851940
6, 62, 0.559314, 3.150824
6, 63, 0.509479, 1.605938
6, 64, 0.540748, 3.513746
6, 65, 0.515729, 2.008364
6, 66, 0.547059, 1.941768
6, 67, 0.547988, 2.127883
6, 68, 0.615743, 3.925456
6, 69, 0.590999, 4.063169
6, 70, 0.523738, 1.965830
6, 71, 0.479738, 1.439163
6, 72, 0.480992, 1.272913
6, 73, 0.449858, 0.868731
6, 74, 0.531492, 2.457702
6, 75, 0.507415, 3.181244
6, 76, 0.456225, 1.377904
6, 77, 0.534119, 2.165671
6, 78, 0.550142, 2.003317
6, 79, 0.552674, 2.089451
6, 80, 0.573289, 4.116753
7, 1, 0.549248, 2.595333
7, 2, 0.466697, 1.568163
7, 3, 0.512055, 1.907281
7, 4, 0.537017, 2.969429
7, 5, 0.522293, 1.809759
7, 6, 0.547158, 5.419287
7, 7, 0.556471, 2.882778
7, 8, 0.549477, 2.121485
7, 9, 0.537797, 2.452491
7, 10, 0.524934, 2.014469
7, 11, 0.559290, 2.788669
7, 12, 0.574924, 3.831839
7, 13, 0.567638, 3.186866
7, 14, 0.589298, 3.941793
7, 15, 0.515370, 3.001588
7, 16, 0.556681, 4.695557
7, 17, 0.556031, 4.044315
7, 18, 0.528097, 2.158594
7, 19, 0.476580, 1.490988
7, 20, 0.570695, 2.366665
7, 21, 0.582502, 2.864704
7, 22, 0.516699, 1.263300
7, 23, 0.543106, 3.276819
7, 24, 0.558161, 3.820608
7, 25, 0.527613, 1.770950
7, 26, 0.509104, 3.209423
7, 27, 0.514326, 1.489643
7, 28, 0.552810, 2.777871
7, 29, 0.538068, 2.841700
7, 30, 0.506758, 2.546604
7, 31, 0.471770, 1.553594
7, 32, 0.438482, 1.100642
7, 33, 0.546178, 2.799446
7, 34, 0.530471, 2.888481
7, 35, 0.462635, 1.375599
7, 36, 0.505356, 2.282286
7, 37, 0.464863, 2.056969
7, 38, 0.514583, 2.666864
7, 39, 0.438506, 0.929441
7, 40, 0.524753, 2.543798
7, 41, 0.501735, 1.434131
7, 42, 0.507190, 1.583104
7, 43, 0.483847, 1.667451
7, 44, 0.455345, 1.269264
7, 45, 0.507349, 2.447238
7, 46, 0.538487, 3.512373
7, 47, 0.380998, 0.851876
7, 48, 0.495054, 2.084151
7, 49, 0.534249, 3.054230
7, 50, 0.562078, 2.960784
7, 51, 0.367999, 1.062494
7, 52, 0.553968, 2.358730
7, 53, 0.562919, 5.120974
7, 54, 0.463868, 1.494706
7, 55, 0.521779, 1.825970
7, 56, 0.542669, 2.088022
7, 57, 0.520806, 2.464203
7, 58, 0.534301, 3.852846
7, 59, 0.479722, 1.263838
7, 60, 0.496328, 1.362832
7, 61, 0.533767, 4.588669
7, 62, 0.580454, 2.962282
7, 63, 0.569870, 4.111087
7, 64, 0.522869, 1.258846
7, 65, 0.473948, 1.433694
7, 66, 0.538951, 1.937474
7, 67, 0.460588, 1.315319
7, 68, 0.551339, 1.427784
7, 69, 0.547953, 3.017142
7, 70, 0.517705, 2.297125
7, 71, 0.554167, 3.498899
7, 72, 0.537202, 2.655804
7, 73, 0.539666, 4.625391
7, 74, 0.503587, 2.834063
7, 75, 0.521153, 2.202775
7, 76, 0.572345, 2.773657
7, 77, 0.520061, 1.994134
7, 78, 0.508941, 2.487598
7, 79, 0.530897, 2.612156
7, 80, 0.551509, 2.941909
8, 1, 0.456867, 1.309569
8, 2, 0.474113, 1.442091
8, 3, 0.512497, 2.458132
8, 4, 0.427405, 1.104107
8, 5, 0.500911, 1.438155
8, 6, 0.523751, 2.003390
8, 7, 0.540691, 2.823701
8, 8, 0.528799, 2.897139
8, 9, 0.531274, 2.617577
8, 10, 0.510879, 2.292912
8, 11, 0.565674, 2.335868
8, 12, 0.450512, 1.396979
8, 13, 0.571048, 4.128925
8, 14, 0.538100, 5.422491
8, 15, 0.534392, 3.556689
8, 16, 0.545624, 1.425912
8, 17, 0.433486, 0.877711
8, 18, 0.542370, 2.459522
8, 19, 0.464701, 2.074644
8, 20, 0.510245, 2.780056
8, 21, 0.507901, 2.183463
8, 22, 0.536381, 2.232933
8, 23, 0.451625, 1.284910
8, 24, 0.538318, 3.866182
8, 25, 0.568245, 3.169525
8, 26, 0.511490, 1.587836
8, 27, 0.510345, 2.554585
8, 28, 0.504254, 1.481705
8, 29, 0.465405, 1.479533
8, 30, 0.512711, 2.717954
8, 31, 0.557832, 3.464843
8, 32, 0.536711, 2.637574
8, 33, 0.533937, 3.010251
8, 34, 0.553911, 2.107284
8, 35, 0.571373, 2.974151
8, 36, 0.549777, 2.368015
8, 37, 0.504560, 2.269731
8, 38, 0.478613, 1.286200
8, 39, 0.561645, 2.985183
8, 40, 0.535325, 4.562873
8, 41, 0.483845, 2.072109
8, 42, 0.520272, 2.465990
8, 43, 0.492332, 1.346853
8, 44, 0.511493, 1.831101
8, 45, 0.562370, 5.304514
8, 46, 0.447553, 1.725963
8, 47, 0.511930, 2.039616
8, 48, 0.526389, 2.962149
8, 49, 0.528791, 3.039637
8, 50, 0.508086, 1.997157
8, 51, 0.533387, 2.502758
8, 52, 0.575288, 3.060799
8, 53, 0.508773, 3.636546
8, 54, 0.496180, 1.427107
8, 55, 0.520723, 2.437121
8, 56, 0.517895, 1.836116
8, 57, 0.554631, 2.796173
8, 58, 0.540063, 1.928721
8, 59, 0.561157, 2.662293
8, 60, 0.511201, 2.640843
8, 61, 0.567352, 3.819096
8, 62, 0.518411, 1.254129
8, 63, 0.549495, 2.862218
8, 64, 0.509793, 2.004012
8, 65, 0.509506, 2.472347
8, 66, 0.554271, 4.723308
8, 67, 0.488817, 1.668815
8, 68, 0.558428, 4.038638
8, 69, 0.538883, 3.777954
8, 70, 0.545825, 2.804190
8, 71, 0.510212, 2.279905
8, 72, 0.565844, 2.778927
8, 73, 0.528510, 4.408919
8, 74, 0.541579, 3.252737
8, 75, 0.391163, 1.017166
8, 76, 0.464467, 1.749809
8, 77, 0.588056, 4.054171
8, 78, 0.467904, 1.588347
8, 79, 0.392684, 0.864812
8, 80, 0.556982, 2.942926
9, 1, 0.514915, 1.986211
9, 2, 0.544715, 3.245832
9, 3, 0.564779, 3.149168
9, 4, 0.540181, 3.030938
9, 5, 0.458600, 1.561700
9, 6, 0.491986, 1.364644
9, 7, 0.522785, 2.101135
9, 8, 0.464196, 1.626936
9, 9, 0.464160, 2.081164
9, 10, 0.517197, 1.827403
9, 11, 0.545651, 2.473714
9, 12, 0.507260, 2.278108
9, 13, 0.547621, 5.064738
9, 14, 0.512214, 2.477329
9, 15, 0.510128, 1.581270
9, 16, 0.542273, 2.654488
9, 17, 0.532647, 3.509280
9, 18, 0.426760, 0.857744
9, 19, 0.458603, 1.310078
9, 20, 0.443614, 1.484800
9, 21, 0.529584, 2.615578
9, 22, 0.545408, 2.369851
9, 23, 0.510683, 2.656573
9, 24, 0.432452, 1.288562
9, 25, 0.522880, 1.457975
9, 26, 0.475588, 1.717127
9, 27, 0.556965, 3.905446
9, 28, 0.518139, 2.452669
9, 29, 0.552754, 4.700475
9, 30, 0.547150, 2.868222
9, 31, 0.570420, 2.958450
9, 32, 0.545232, 1.421427
9, 33, 0.540765, 2.848622
9, 34, 0.533576, 3.154970
9, 35, 0.537834, 1.947511
9, 36, 0.547688, 2.941433
9, 37, 0.528419, 2.890295
9, 38, 0.465849, 1.270812
9, 39, 0.562537, 2.358054
9, 40, 0.465967, 1.258620
9, 41, 0.499721, 2.460394
9, 42, 0.552364, 2.815969
9, 43, 0.556174, 4.040261
9, 44, 0.512046, 3.208616
9, 45, 0.521949, 2.289216
9, 46, 0.570237, 2.781600
9, 47, 0.451523, 1.377960
9, 48, 0.569347, 4.122833
9, 49, 0.503039, 1.466555
9, 50, 0.491884, 1.920730
9, 51, 0.475033, 1.477906
9, 52, 0.545426, 2.124713
9, 53, 0.524145, 2.448069
9, 54, 0.539589, 4.384514
9, 55, 0.513412, 2.842305
9, 56, 0.593015, 4.051442
9, 57, 0.540947, 4.118852
9, 58, 0.515263, 1.481944
9, 59, 0.391192, 0.874237
9, 60, 0.509122, 2.000167
9, 61, 0.509139, 2.463002
9, 62, 0.485533, 2.102560
9, 63, 0.578023, 2.852327
9, 64, 0.548062, 2.788773
9, 65, 0.528246, 2.158521
9, 66, 0.566697, 3.788776
9, 67, 0.549784, 3.493583
9, 68, 0.535967, 2.091076
9, 69, 0.527984, 2.945157
9, 70, 0.538958, 2.462483
9, 71, 0.532748, 4.552745
9, 72, 0.506601, 1.447497
9, 73, 0.563459, 2.988559
9, 74, 0.501955, 2.550213
9, 75, 0.525690, 1.761310
9, 76, 0.508751, 1.908857
9, 77, 0.559763, 2.664991
9, 78, 0.373580, 1.008825
9, 79, 0.518260, 1.819695
9, 80, 0.537103, 5.728272
10, 1, 0.526501, 4.243210
10, 2, 0.475434, 1.555001
10, 3, 0.561165, 2.998076
10, 4, 0.537342, 5.400554
10, 5, 0.522511, 1.284519
10, 6, 0.502132, 2.475513
10, 7, 0.540975, 3.317902
10, 8, 0.555178, 4.154417
10, 9, 0.507305, 2.492525
10, 10, 0.551260, 4.706309
10, 11, 0.514997, 2.302295
10, 12, 0.513553, 1.770727
10, 13, 0.528100, 4.415430
10, 14, 0.465574, 1.311420
10, 15, 0.501665, 3.208778
10, 16, 0.533062, 3.010693
10, 17, 0.446957, 1.383860
10, 18, 0.539920, 2.797569
10, 19, 0.490610, 1.349339
10, 20, 0.506487, 1.907679
10, 21, 0.368991, 1.019473
10, 22, 0.369812, 0.868958
10, 23, 0.555212, 3.834821
10, 24, 0.545400, 2.622513
10, 25, 0.550306, 3.864543
10, 26, 0.558775, 3.153404
10, 27, 0.478690, 1.283401
10, 28, 0.519540, 1.833795
10, 29, 0.529392, 2.013677
10, 30, 0.464665, 2.059558
10, 31, 0.451488, 1.474565
10, 32, 0.561999, 2.134540
10, 33, 0.547028, 2.938389
10, 34, 0.572899, 2.854566
10, 35, 0.503455, 2.528786
10, 36, 0.455991, 1.706966
10, 37, 0.542832, 2.456530
10, 38, 0.560623, 2.763075
10, 39, 0.423514, 1.110965
10, 40, 0.583010, 3.566199
10, 41, 0.472152, 1.442500
10, 42, 0.478371, 1.485595
10, 43, 0.556848, 2.665022
10, 44, 0.532465, 3.030120
10, 45, 0.539615, 2.640481
10, 46, 0.578437, 4.210147
10, 47, 0.546042, 2.163134
10, 48, 0.512653, 2.295613
10, 49, 0.507386, 2.165922
10, 50, 0.505888, 2.472831
10, 51, 0.532138, 3.553488
10, 52, 0.530186, 2.968002
10, 53, 0.532015, 4.575237
10, 54, 0.526351, 2.454809
10, 55, 0.527950, 2.826789
10, 56, 0.546269, 3.233166
10, 57, 0.543056, 2.227685
10, 58, 0.508101, 2.067074
10, 59, 0.458876, 1.265068
10, 60, 0.533750, 3.834800
10, 61, 0.546951, 5.234965
10, 62, 0.509404, 2.662308
10, 63, 0.511703, 1.990499
10, 64, 0.518744, 2.453125
10, 65, 0.430468, 0.878815
10, 66, 0.496784, 1.443598
10, 67, 0.542352, 1.424570
10, 68, 0.568183, 2.359228
10, 69, 0.529574, 2.896489
10, 70, 0.536031, 2.447767
10, 71, 0.508588, 1.824001
10, 72, 0.478883, 1.671767
10, 73, 0.510704, 1.582355
10, 74, 0.514046, 2.715997
10, 75, 0.487302, 2.074518
10, 76, 0.553130, 2.807701
10, 77, 0.503287, 1.264961
10, 78, 0.498874, 1.487433
10, 79, 0.543015, 2.803317
10, 80, 0.579858, 2.962087
11, 1, 0.484148, 2.094305
11, 2, 0.490829, 1.349705
11, 3, 0.374052, 0.872241
11, 4, 0.568468, 4.538833
11, 5, 0.546075, 2.823685
11, 6, 0.461548, 1.577687
11, 7, 0.464193, 1.274508
11, 8, 0.426797, 1.105531
11, 9, 0.515095, 2.293662
11, 10, 0.533355, 2.090742
11, 11, 0.550966, 5.087702
11, 12, 0.503686, 1.283413
11, 13, 0.418235, 0.875478
11, 14, 0.525579, 2.910601
11, 15, 0.450251, 1.375439
11, 16, 0.562463, 3.100445
11, 17, 0.541161, 2.878690
11, 18, 0.503307, 3.204431
11, 19, 0.540119, 2.787599
11, 20, 0.506249, 2.646311
11, 21, 0.478636, 1.660787
11, 22, 0.534093, 5.413472
11, 23, 0.510688, 1.506719
11, 24, 0.546175, 2.856971
11, 25, 0.528923, 4.416152
11, 26, 0.556298, 4.042354
11, 27, 0.525656, 2.441819
11, 28, 0.469929, 1.512946
11, 29, 0.561747, 2.977793
11, 30, 0.543258, 1.417875
11, 31, 0.454754, 1.319636
11, 32, 0.549427, 4.733658
11, 33, 0.528579, 4.584048
11, 34, 0.533081, 2.654220
11, 35, 0.459402, 1.566916
11, 36, 0.506349, 1.819387
11, 37, 0.362014, 1.025368
11, 38, 0.552437, 2.797357
11, 39, 0.534158, 3.496680
11, 40, 0.444824, 1.479228
11, 41, 0.507046, 2.460074
11, 42, 0.516418, 2.005196
11, 43, 0.508526, 2.553065
11, 44, 0.458384, 2.042381
11, 45, 0.510675, 2.707359
11, 46, 0.560828, 3.814793
11, 47, 0.527829, 2.634823
11, 48, 0.537539, 3.001302
11, 49, 0.508490, 2.016122
11, 50, 0.557020, 2.669883
11, 51, 0.529949, 2.503494
11, 52, 0.549378, 3.467297
11, 53, 0.517340, 1.254557
11, 54, 0.494636, 1.443108
11, 55, 0.556863, 3.176175
11, 56, 0.535544, 3.841329
11, 57, 0.507948, 2.271586
11, 58, 0.573444, 2.972969
11, 59, 0.510160, 1.951616
11, 60, 0.584696, 4.059305
11, 61, 0.509425, 2.530062
11, 62, 0.526839, 3.760585
11, 63, 0.504146, 2.448183
11, 64, 0.546262, 2.361329
11, 65, 0.520558, 1.842533
11, 66, 0.517691, 2.453342
11, 67, 0.547303, 2.136512
11, 68, 0.468846, 1.267231
11, 69, 0.502980, 1.992724
11, 70, 0.538341, 3.256999
11, 71, 0.464264, 1.486697
11, 72, 0.547044, 1.934622
11, 73, 0.531157, 2.951286
11, 74, 0.505348, 2.152063
11, 75, 0.563589, 2.348969
11, 76, 0.506502, 1.594208
11, 77, 0.516439, 1.769713
11, 78, 0.548121, 2.949104
11, 79, 0.532660, 3.033027
11, 80, 0.574049, 2.855989
12, 1, 0.509312, 1.819067
12, 2, 0.502326, 1.898385
12, 3, 0.564158, 2.780676
12, 4, 0.539102, 2.646389
12, 5, 0.570489, 2.839936
12, 6, 0.454658, 1.585384
12, 7, 0.536198, 2.215513
12, 8, 0.546331, 3.432107
12, 9, 0.533744, 2.683797
12, 10, 0.462772, 2.040109
12, 11, 0.505919, 2.013561
12, 12, 0.474843, 1.672355
12, 13, 0.528912, 2.958846
12, 14, 0.527432, 2.458443
12, 15, 0.505987, 2.716246
12, 16, 0.534190, 4.404317
12, 17, 0.518597, 1.828396
12, 18, 0.575336, 2.972432
12, 19, 0.506680, 1.489067
12, 20, 0.569870, 4.110104
12, 21, 0.421426, 1.101738
12, 22, 0.546632, 2.853938
12, 23, 0.542889, 1.419536
12, 24, 0.531468, 3.044505
12, 25, 0.473763, 1.265839
12, 26, 0.493757, 1.566970
12, 27, 0.509838, 2.658161
12, 28, 0.550739, 5.070350
12, 29, 0.512186, 1.618054
12, 30, 0.553861, 4.733999
12, 31, 0.499152, 2.570074
12, 32, 0.508420, 2.802137
12, 33, 0.528266, 3.327875
12, 34, 0.413871, 0.875538
12, 35, 0.478490, 2.088832
12, 36, 0.541093, 3.872646
12, 37, 0.539532, 2.081172
12, 38, 0.562466, 3.204168
12, 39, 0.524884, 2.458817
12, 40, 0.543332, 3.251531
12, 41, 0.477611, 1.488552
12, 42, 0.549293, 2.369541
12, 43, 0.503595, 2.548769
12, 44, 0.532487, 4.565986
12, 45, 0.534392, 2.653714
12, 46, 0.537514, 5.407089
12, 47, 0.552009, 3.520105
12, 48, 0.458998, 1.544263
12, 49, 0.504030, 2.010606
12, 50, 0.559544, 2.992509
12, 51, 0.529355, 1.819097
12, 52, 0.504930, 2.289533
12, 53, 0.524495, 2.158449
12, 54, 0.547193, 2.130494
12, 55, 0.368243, 1.032405
12, 56, 0.556277, 2.666496
12, 57, 0.488271, 1.346802
12, 58, 0.363573, 0.866810
12, 59, 0.445422, 1.490556
12, 60, 0.505143, 1.272321
12, 61, 0.451433, 1.311863
12, 62, 0.452618, 1.268248
12, 63, 0.530572, 2.000321
12, 64, 0.456062, 1.390278
12, 65, 0.558438, 2.846730
12, 66, 0.586423, 4.052553
12, 67, 0.511118, 2.523859
12, 68, 0.521703, 3.193595
12, 69, 0.508666, 1.246097
12, 70, 0.554681, 2.815424
12, 71, 0.551188, 2.929149
12, 72, 0.467668, 1.446624
12, 73, 0.513523, 2.295236
12, 74, 0.556930, 2.351061
12, 75, 0.529395, 3.505889
12, 76, 0.540055, 2.470030
12, 77, 0.576615, 3.780085
12, 78, 0.549343, 4.047226
12, 79, 0.556603, 3.848055
12, 80, 0.541684, 2.807875
13, 1, 0.546783, 2.451115
13, 2, 0.531507, 4.581864
13, 3, 0.500291, 1.359315
13, 4, 0.520886, 1.769591
13, 5, 0.550900, 4.747524
13, 6, 0.478544, 1.496594
13, 7, 0.532054, 3.051787
13, 8, 0.550259, 1.986069
13, 9, 0.511879, 1.714974
13, 10, 0.504858, 3.656531
13, 11, 0.461521, 1.514518
13, 12, 0.538709, 2.158292
13, 13, 0.576882, 2.859016
13, 14, 0.514860, 2.000633
13, 15, 0.553178, 2.943184
13, 16, 0.539366, 4.404985
13, 17, 0.530893, 2.453084
13, 18, 0.452972, 1.285137
13, 19, 0.538450, 5.401458
13, 20, 0.551012, 4.069047
13, 21, 0.456031, 1.265639
13, 22, 0.497946, 2.096307
13, 23, 0.470506, 2.054410
13, 24, 0.558191, 2.353780
13, 25, 0.534478, 2.652424
13, 26, 0.519062, 2.671747
13, 27, 0.463420, 1.377720
13, 28, 0.524067, 2.006409
13, 29, 0.429331, 0.871652
13, 30, 0.540078, 1.425267
13, 31, 0.427741, 1.108654
13, 32, 0.459664, 1.430351
13, 33, 0.527398, 2.955209
13, 34, 0.553424, 2.805141
13, 35, 0.509419, 2.704919
13, 36, 0.534435, 3.020228
13, 37, 0.563722, 3.409588
13, 38, 0.476563, 1.720013
13, 39, 0.463154, 1.557208
13, 40, 0.585309, 3.581911
13, 41, 0.558237, 5.081474
13, 42, 0.499635, 2.316937
13, 43, 0.514634, 2.462496
13, 44, 0.550027, 2.345861
13, 45, 0.357375, 1.036339
13, 46, 0.509756, 1.584927
13, 47, 0.502681, 1.271001
13, 48, 0.530138, 3.011776
13, 49, 0.566178, 4.120252
13, 50, 0.505334, 2.548393
13, 51, 0.506015, 2.340666
13, 52, 0.550793, 3.489559
13, 53, 0.546921, 2.857513
13, 54, 0.517688, 2.437568
13, 55, 0.517977, 1.835339
13, 56, 0.526381, 2.911382
13, 57, 0.508555, 1.988864
13, 58, 0.365053, 0.879477
13, 59, 0.539541, 2.821618
13, 60, 0.520089, 2.431064
13, 61, 0.558241, 2.672816
13, 62, 0.515823, 1.253013
13, 63, 0.503218, 1.905575
13, 64, 0.503055, 2.469319
13, 65, 0.541106, 3.851659
13, 66, 0.535171, 3.242251
13, 67, 0.546387, 2.292481
13, 68, 0.508511, 2.814377
13, 69, 0.447569, 1.749737
13, 70, 0.560199, 3.828670
13, 71, 0.444803, 1.477654
13, 72, 0.510225, 2.161722
13, 73, 0.560403, 3.156563
13, 74, 0.570979, 2.945890
13, 75, 0.538329, 2.870292
13, 76, 0.493214, 1.552208
13, 77, 0.528114, 3.609625
13, 78, 0.560824, 2.787578
13, 79, 0.529291, 3.794638
13, 80, 0.514431, 1.814835
14, 1, 0.540823, 2.657473
14, 2, 0.510216, 2.459366
14, 3, 0.517575, 2.160420
14, 4, 0.512544, 1.595611
14, 5, 0.527380, 2.905961
14, 6, 0.561041, 2.766743
14, 7, 0.441576, 1.478253
14, 8, 0.457335, 1.314990
14, 9, 0.511609, 1.486810
14, 10, 0.354255, 1.023285
14, 11, 0.545882, 2.840573
14, 12, 0.558010, 4.709657
14, 13, 0.513292, 2.443130
14, 14, 0.568471, 3.541014
14, 15, 0.553703, 2.352876
14, 16, 0.530439, 1.770163
14, 17, 0.545748, 2.808002
14, 18, 0.522481, 2.447843
14, 19, 0.576440, 4.113199
14, 20, 0.507038, 2.283698
14, 21, 0.577526, 2.945788
14, 22, 0.535876, 3.254650
14, 23, 0.529955, 2.460336
14, 24, 0.537287, 2.452147
14, 25, 0.491138, 1.443972
14, 26, 0.531013, 3.789906
14, 27, 0.575974, 2.864448
14, 28, 0.557854, 3.822409
14, 29, 0.538582, 3.013051
14, 30, 0.538151, 1.822415
14, 31, 0.561990, 2.677705
14, 32, 0.519440, 1.988276
14, 33, 0.519645, 1.834152
14, 34, 0.539400, 2.088305
14, 35, 0.511729, 1.273149
14, 36, 0.483041, 2.090646
14, 37, 0.550849, 2.806235
14, 38, 0.546780, 5.596048
14, 39, 0.568456, 2.578220
14, 40, 0.521873, 2.538697
14, 41, 0.371443, 0.871016
14, 42, 0.446587, 1.389175
14, 43, 0.547871, 2.124114
14, 44, 0.513883, 3.194610
14, 45, 0.516849, 2.728407
14, 46, 0.548630, 5.402614
14, 47, 0.540381, 4.500814
14, 48, 0.475378, 1.637104
14, 49, 0.557376, 3.201895
14, 50, 0.485252, 1.663815
14, 51, 0.426140, 0.926556
14, 52, 0.512646, 1.267541
14, 53, 0.465666, 1.274487
14, 54, 0.535299, 4.574910
14, 55, 0.508002, 1.916061
14, 56, 0.536765, 2.809009
14, 57, 0.550877, 4.001530
14, 58, 0.457967, 1.281824
14, 59, 0.509566, 2.545300
14, 60, 0.551359, 1.952304
14, 61, 0.498859, 1.366479
14, 62, 0.552938, 1.431124
14, 63, 0.518983, 2.011687
14, 64, 0.553329, 3.480900
14, 65, 0.535571, 3.518535
14, 66, 0.492607, 1.483194
14, 67, 0.526235, 2.467574
14, 68, 0.531250, 3.043880
14, 69, 0.547092, 3.024669
14, 70, 0.457626, 1.806404
14, 71, 0.507143, 2.825519
14, 72, 0.510649, 2.094673
14, 73, 0.535554, 3.873533
14, 74, 0.512100, 2.656837
14, 75, 0.464272, 1.429791
14, 76, 0.527199, 2.953154
14, 77, 0.528775, 2.623549
14, 78, 0.428801, 1.102068
14, 79, 0.578981, 3.570367
14, 80, 0.462508, 2.048149
15, 1, 0.352919, 1.032178
15, 2, 0.417596, 1.106354
15, 3, 0.480398, 1.667956
15, 4, 0.468985, 1.551507
15, 5, 0.552894, 2.357009
15, 6, 0.516411, 2.010890
15, 7, 0.446185, 1.384822
15, 8, 0.540217, 3.002673
15, 9, 0.534524, 2.460194
15, 10, 0.509792, 1.753814
15, 11, 0.575788, 4.125558
15, 12, 0.544418, 3.852600
15, 13, 0.555574, 2.948654
15, 14, 0.513606, 1.998557
15, 15, 0.558029, 2.793731
15, 16, 0.543271, 2.112578
15, 17, 0.558010, 3.271487
15, 18, 0.560227, 2.984955
15, 19, 0.512562, 2.550266
15, 20, 0.517273, 2.465958
15, 21, 0.526277, 1.258450
15, 22, 0.505098, 1.272662
15, 23, 0.575984, 3.778392
15, 24, 0.541431, 1.939556
15, 25, 0.471648, 1.574706
15, 26, 0.375581, 0.868909
15, 27, 0.532757, 4.592676
15, 28, 0.489368, 2.084559
15, 29, 0.584750, 3.864094
15, 30, 0.509280, 2.167646
15, 31, 0.532182, 4.417520
15, 32, 0.543729, 2.456596
15, 33, 0.432063, 0.856770
15, 34, 0.530704, 2.640134
15, 35, 0.505237, 2.450864
15, 36, 0.533496, 2.972323
15, 37, 0.506083, 1.586764
15, 38, 0.539712, 5.405584
15, 39, 0.515278, 2.031547
15, 40, 0.503434, 1.816224
15, 41, 0.544878, 2.810396
15, 42, 0.589843, 3.815523
15, 43, 0.547089, 1.647952
15, 44, 0.540824, 2.392023
15, 45, 0.574154, 3.162103
15, 46, 0.515497, 2.297309
15, 47, 0.556456, 2.792746
15, 48, 0.476364, 1.436498
15, 49, 0.480805, 1.501394
15, 50, 0.449734, 1.476882
15, 51, 0.460137, 2.417959
15, 52, 0.465517, 1.319817
15, 53, 0.505673, 2.476197
15, 54, 0.543551, 3.245179
15, 55, 0.497014, 1.349190
15, 56, 0.539788, 2.661812
15, 57, 0.515752, 2.450922
15, 58, 0.524259, 2.430297
15, 59, 0.510263, 3.182226
15, 60, 0.512403, 2.650115
15, 61, 0.467256, 1.271560
15, 62, 0.555741, 4.716287
15, 63, 0.537736, 3.041606
15, 64, 0.533280, 3.495798
15, 65, 0.506150, 1.903153
15, 66, 0.509531, 2.718908
15, 67, 0.548765, 5.074957
15, 68, 0.553224, 3.517600
15, 69, 0.513503, 1.483819
15, 70, 0.461534, 1.314988
15, 71, 0.498359, 1.444625
15, 72, 0.540789, 2.813881
15, 73, 0.522584, 2.901300
15, 74, 0.504330, 2.387996
15, 75, 0.520819, 1.842374
15, 76, 0.571789, 2.862156
15, 77, 0.547397, 2.843744
15, 78, 0.555038, 3.148172
15, 79, 0.551290, 4.012837
15, 80, 0.561749, 2.339662
16, 1, 0.550189, 3.469230
16, 2, 0.548688, 5.108273
16, 3, 0.563059, 2.898963
16, 4, 0.441118, 1.481689
16, 5, 0.549519, 2.349649
16, 6, 0.527289, 2.461312
16, 7, 0.455549, 1.580044
16, 8, 0.537939, 2.780000
16, 9, 0.507927, 2.504260
16, 10, 0.420837, 1.116099
16, 11, 0.520782, 2.000774
16, 12, 0.494609, 1.455908
16, 13, 0.460623, 1.270538
16, 14, 0.582012, 3.578979
16, 15, 0.550733, 4.052255
16, 16, 0.558636, 2.343601
16, 17, 0.505836, 2.010979
16, 18, 0.516236, 2.454240
16, 19, 0.573878, 3.122943
16, 20, 0.539273, 3.204826
16, 21, 0.505145, 2.482397
16, 22, 0.560912, 3.100300
16, 23, 0.523458, 2.893839
16, 24, 0.512994, 2.643759
16, 25, 0.534660, 2.075896
16, 26, 0.504014, 1.830193
16, 27, 0.529015, 4.571071
16, 28, 0.539547, 2.798235
16, 29, 0.464889, 1.493100
16, 30, 0.561788, 3.790671
16, 31, 0.359491, 0.859152
16, 32, 0.517235, 1.771704
16, 33, 0.483830, 1.264962
16, 34, 0.507851, 2.474072
16, 35, 0.530343, 1.283749
16, 36, 0.499487, 2.543044
16, 37, 0.479761, 2.078249
16, 38, 0.558839, 2.934849
16, 39, 0.540748, 2.452612
16, 40, 0.556570, 2.866555
16, 41, 0.573276, 3.821532
16, 42, 0.553987, 3.002312
16, 43, 0.555786, 2.791798
16, 44, 0.511317, 3.426814
16, 45, 0.533329, 4.971492
16, 46, 0.542564, 1.585214
16, 47, 0.545199, 3.256424
16, 48, 0.571949, 2.663759
16, 49, 0.505707, 1.484025
16, 50, 0.548377, 1.935862
16, 51, 0.425116, 1.105707
16, 52, 0.464312, 1.661259
16, 53, 0.467083, 1.504286
16, 54, 0.510620, 1.258957
16, 55, 0.505938, 1.912745
16, 56, 0.571427, 2.855613
16, 57, 0.512780, 2.705721
16, 58, 0.540143, 3.848132
16, 59, 0.566352, 4.124920
16, 60, 0.524736, 1.820039
16, 61, 0.544244, 2.471302
16, 62, 0.441786, 1.387047
16, 63, 0.555814, 3.179096
16, 64, 0.512684, 2.288833
16, 65, 0.502378, 2.282172
16, 66, 0.457929, 1.561390
16, 67, 0.550276, 4.706958
16, 68, 0.526650, 2.639635
16, 69, 0.502243, 2.460698
16, 70, 0.535856, 5.437854
16, 71, 0.524756, 3.039607
16, 72, 0.492039, 1.359128
16, 73, 0.467339, 2.061318
16, 74, 0.349461, 1.023864
16, 75, 0.511789, 2.013175
16, 76, 0.505841, 1.757570
16, 77, 0.545929, 2.443453
16, 78, 0.526570, 3.336504
16, 79, 0.475638, 1.660687
16, 80, 0.525590, 3.510950
17, 1, 0.559403, 3.841370
17, 2, 0.445694, 1.491580
17, 3, 0.550008, 2.811820
17, 4, 0.509812, 2.714170
17, 5, 0.501801, 1.896448
17, 6, 0.462539, 1.568486
17, 7, 0.509436, 2.638513
17, 8, 0.499211, 2.465410
17, 9, 0.480810, 2.091236
17, 10, 0.500390, 2.543204
17, 11, 0.501648, 2.476814
17, 12, 0.537450, 1.924686
17, 13, 0.509324, 1.264049
17, 14, 0.455849, 1.269197
17, 15, 0.499155, 1.265848
17, 16, 0.535393, 3.247028
17, 17, 0.460930, 1.307031
17, 18, 0.441185, 1.390530
17, 19, 0.503610, 2.278256
17, 20, 0.338079, 1.025824
17, 21, 0.553119, 2.345894
17, 22, 0.492223, 1.366081
17, 23, 0.515982, 2.462279
17, 24, 0.571447, 4.186708
17, 25, 0.517234, 3.432836
17, 26, 0.557587, 5.090342
17, 27, 0.527815, 2.630998
17, 28, 0.542191, 2.123958
17, 29, 0.525888, 2.893025
17, 30, 0.569048, 2.845753
17, 31, 0.549817, 3.154560
17, 32, 0.534295, 2.999097
17, 33, 0.477473, 1.267312
17, 34, 0.538014, 2.783216
17, 35, 0.567649, 2.974670
17, 36, 0.509576, 2.303681
17, 37, 0.530536, 4.583337
17, 38, 0.509129, 1.484996
17, 39, 0.473610, 1.674616
17, 40, 0.509041, 1.591052
17, 41, 0.547693, 2.851820
17, 42, 0.458215, 1.499251
17, 43, 0.540925, 3.773858
17, 44, 0.535809, 3.979744
17, 45, 0.454977, 2.164914
17, 46, 0.515214, 2.009082
17, 47, 0.539805, 2.949222
17, 48, 0.517620, 2.174118
17, 49, 0.549031, 4.562377
17, 50, 0.535084, 5.450387
17, 51, 0.546952, 3.542956
17, 52, 0.528417, 3.059514
17, 53, 0.547821, 5.336136
17, 54, 0.533897, 1.620174
17, 55, 0.581361, 3.582444
17, 56, 0.531055, 2.459401
17, 57, 0.522313, 3.499077
17, 58, 0.549408, 2.376258
17, 59, 0.523520, 4.411996
17, 60, 0.529882, 2.082250
17, 61, 0.525867, 2.985512
17, 62, 0.526242, 2.450645
17, 63, 0.532646, 2.459854
17, 64, 0.534847, 2.718177
17, 65, 0.425380, 1.168479
17, 66, 0.558537, 2.835670
17, 67, 0.500867, 1.986760
17, 68, 0.509826, 1.826833
17, 69, 0.558728, 3.012778
17, 70, 0.512346, 1.999135
17, 71, 0.550611, 3.014945
17, 72, 0.454770, 1.662214
17, 73, 0.522399, 1.993427
17, 74, 0.508835, 2.456961
17, 75, 0.558788, 2.677010
17, 76, 0.459790, 1.436713
17, 77, 0.349878, 0.866548
17, 78, 0.507974, 1.776444
17, 79, 0.420163, 0.997968
17, 80, 0.498437, 1.668940
18, 1, 0.544490, 2.438190
18, 2, 0.533892, 2.859297
18, 3, 0.458641, 1.481230
18, 4, 0.444744, 1.278104
18, 5, 0.502753, 1.493567
18, 6, 0.559901, 2.773378
18, 7, 0.500768, 2.543141
18, 8, 0.456955, 1.548113
18, 9, 0.529172, 3.510826
18, 10, 0.521051, 2.457682
18, 11, 0.527313, 1.824707
18, 12, 0.503585, 2.306487
18, 13, 0.523012, 2.893298
18, 14, 0.502401, 1.818050
18, 15, 0.505968, 2.015183
18, 16, 0.566457, 3.833923
18, 17, 0.504343, 2.000077
18, 18, 0.502701, 1.912233
18, 19, 0.532962, 2.462687
18, 20, 0.532106, 2.654915
18, 21, 0.527825, 2.611303
18, 22, 0.533594, 2.088406
18, 23, 0.441017, 1.498249
18, 24, 0.502218, 2.451207
18, 25, 0.527696, 4.563856
18, 26, 0.353816, 0.888299
18, 27, 0.557050, 2.482419
18, 28, 0.452576, 1.521145
18, 29, 0.517198, 2.763449
18, 30, 0.544325, 2.854328
18, 31, 0.515777, 2.469716
18, 32, 0.544001, 3.857850
18, 33, 0.559633, 2.978920
18, 34, 0.504222, 3.202726
18, 35, 0.504396, 1.267184
18, 36, 0.413363, 0.864580
18, 37, 0.488363, 1.662297
18, 38, 0.584337, 3.564315
18, 39, 0.547004, 2.810407
18, 40, 0.549031, 4.716230
18, 41, 0.523788, 3.045554
18, 42, 0.539940, 1.433656
18, 43, 0.532803, 3.247991
18, 44, 0.507841, 1.265604
18, 45, 0.509847, 2.723027
18, 46, 0.536174, 2.816041
18, 47, 0.442403, 1.384426
18, 48, 0.510192, 1.590978
18, 49, 0.560237, 2.348878
18, 50, 0.561047, 4.116528
18, 51, 0.545886, 4.099693
18, 52, 0.342892, 1.012412
18, 53, 0.489304, 1.447635
18, 54, 0.535520, 5.430351
18, 55, 0.463951, 1.266177
18, 56, 0.460143, 2.059446
18, 57, 0.425318, 1.109233
18, 58, 0.505460, 2.173669
18, 59, 0.494827, 2.536937
18, 60, 0.531436, 5.010935
18, 61, 0.561872, 2.783031
18, 62, 0.456731, 1.427106
18, 63, 0.509751, 2.661215
18, 64, 0.533071, 2.459877
18, 65, 0.514073, 2.007742
18, 66, 0.529005, 3.012768
18, 67, 0.478246, 2.068495
18, 68, 0.571071, 2.958459
18, 69, 0.567046, 2.853409
18, 70, 0.517481, 1.773488
18, 71, 0.508363, 2.473087
18, 72, 0.492619, 1.348416
18, 73, 0.538019, 1.938639
18, 74, 0.553180, 3.176736
18, 75, 0.546067, 3.483083
18, 76, 0.538455, 3.753212
18, 77, 0.550013, 5.128140
18, 78, 0.455827, 1.565225
18, 79, 0.544498, 2.943603
18, 80, 0.524861, 2.960232
19, 1, 0.530148, 3.851289
19, 2, 0.474526, 2.317161
19, 3, 0.519838, 3.008908
19, 4, 0.489156, 1.666280
19, 5, 0.464805, 1.560149
19, 6, 0.511772, 2.455758
19, 7, 0.494374, 1.354918
19, 8, 0.551845, 2.359726
19, 9, 0.525452, 4.559823
19, 10, 0.506749, 2.305095
19, 11, 0.513884, 1.779209
19, 12, 0.529082, 3.765902
19, 13, 0.521593, 1.843707
19, 14, 0.505320, 2.479807
19, 15, 0.553800, 1.425922
19, 16, 0.533686, 2.463320
19, 17, 0.517968, 2.654674
19, 18, 0.461343, 2.053684
19, 19, 0.506068, 2.296917
19, 20, 0.484678, 1.489911
19, 21, 0.427241, 1.113046
19, 22, 0.549052, 3.021649
19, 23, 0.478900, 1.266419
19, 24, 0.529321, 2.971095
19, 25, 0.528975, 2.907242
19, 26, 0.525484, 1.808969
19, 27, 0.564467, 3.485687
19, 28, 0.517635, 1.266560
19, 29, 0.505309, 2.000076
19, 30, 0.535719, 3.158068
19, 31, 0.505589, 1.911738
19, 32, 0.562877, 4.400917
19, 33, 0.562937, 4.711843
19, 34, 0.517238, 1.300856
19, 35, 0.406155, 0.873016
19, 36, 0.542769, 4.412450
19, 37, 0.543182, 2.468906
19, 38, 0.576144, 3.121562
19, 39, 0.576446, 2.355282
19, 40, 0.561645, 3.825608
19, 41, 0.498645, 1.552475
19, 42, 0.563685, 3.165431
19, 43, 0.540588, 3.262592
19, 44, 0.508574, 1.486666
19, 45, 0.527285, 3.537715
19, 46, 0.514507, 2.557322
19, 47, 0.579053, 2.856643
19, 48, 0.531762, 2.729091
19, 49, 0.524993, 2.000484
19, 50, 0.561423, 2.815525
19, 51, 0.535274, 5.472630
19, 52, 0.529626, 1.958748
19, 53, 0.461840, 1.485904
19, 54, 0.469299, 1.320795
19, 55, 0.556334, 2.776446
19, 56, 0.552022, 2.129766
19, 57, 0.346357, 1.026012
19, 58, 0.522334, 2.094840
19, 59, 0.506197, 1.270713
19, 60, 0.540356, 2.860047
19, 61, 0.512220, 2.916778
19, 62, 0.530912, 2.854873
19, 63, 0.572295, 2.683638
19, 64, 0.516007, 1.895897
19, 65, 0.565661, 4.122215
19, 66, 0.531096, 2.804348
19, 67, 0.569226, 2.953975
19, 68, 0.524318, 3.020444
19, 69, 0.549119, 5.117768
19, 70, 0.416260, 0.868278
19, 71, 0.503961, 2.484468
19, 72, 0.522368, 2.013980
19, 73, 0.585976, 3.573870
19, 74, 0.544591, 2.953239
19, 75, 0.531813, 2.471909
19, 76, 0.456483, 1.565454
19, 77, 0.498620, 3.186126
19, 78, 0.520670, 2.156437
19, 79, 0.517840, 1.602755
19, 80, 0.452999, 1.389763
20, 1, 0.529205, 3.021255
20, 2, 0.527947, 2.443928
20, 3, 0.525197, 4.414622
20, 4, 0.469342, 1.568709
20, 5, 0.575319, 3.271248
20, 6, 0.506055, 2.834744
20, 7, 0.459717, 1.465763
20, 8, 0.556418, 2.771216
20, 9, 0.476213, 2.084239
20, 10, 0.503062, 1.505014
20, 11, 0.463886, 2.047328
20, 12, 0.498213, 1.281108
20, 13, 0.583774, 3.796624
20, 14, 0.553131, 3.175780
20, 15, 0.504731, 2.463132
20, 16, 0.551954, 3.009175
20, 17, 0.561121, 4.125994
20, 18, 0.519056, 1.258822
20, 19, 0.457078, 1.278268
20, 20, 0.521704, 2.466511
20, 21, 0.532840, 1.432214
20, 22, 0.506282, 2.486050
20, 23, 0.531528, 2.473128
20, 24, 0.542920, 4.042936
20, 25, 0.540806, 5.092237
20, 26, 0.496063, 1.460595
20, 27, 0.423654, 0.871893
20, 28, 0.544170, 4.739273
20, 29, 0.565008, 2.369796
20, 30, 0.533024, 2.692841
20, 31, 0.529861, 3.214890
20, 32, 0.533408, 3.103269
20, 33, 0.570368, 2.858938
20, 34, 0.524033, 1.817160
20, 35, 0.529324, 2.677706
20, 36, 0.521064, 2.631296
20, 37, 0.530704, 3.863118
20, 38, 0.452172, 1.313885
20, 39, 0.352773, 1.017977
20, 40, 0.522554, 4.586779
20, 41, 0.495022, 3.207166
20, 42, 0.420738, 1.108293
20, 43, 0.473218, 1.668358
20, 44, 0.536962, 3.242776
20, 45, 0.537489, 1.944531
20, 46, 0.525232, 2.910616
20, 47, 0.521929, 2.973532
20, 48, 0.546816, 2.794018
20, 49, 0.508197, 2.017313
20, 50, 0.538187, 2.126852
20, 51, 0.554144, 3.883163
20, 52, 0.535885, 2.868915
20, 53, 0.502798, 1.772213
20, 54, 0.519789, 3.045747
20, 55, 0.516266, 2.294280
20, 56, 0.464751, 1.573776
20, 57, 0.508818, 2.008141
20, 58, 0.450045, 1.433577
20, 59, 0.516090, 2.731605
20, 60, 0.442200, 1.485312
20, 61, 0.573111, 3.589757
20, 62, 0.517502, 3.921555
20, 63, 0.447121, 1.633312
20, 64, 0.513687, 2.096969
20, 65, 0.501315, 2.561459
20, 66, 0.506233, 1.613237
20, 67, 0.505623, 2.015789
20, 68, 0.533347, 5.417398
20, 69, 0.538327, 2.408391
20, 70, 0.478900, 1.458937
20, 71, 0.531562, 3.031530
20, 72, 0.504790, 2.659238
20, 73, 0.494009, 2.275865
20, 74, 0.543348, 3.486246
20, 75, 0.505889, 2.167139
20, 76, 0.444974, 1.393066
20, 77, 0.500280, 1.816535
20, 78, 0.498520, 1.916626
20, 79, 0.548882, 2.788168
20, 80, 0.341407, 0.860377
